W,gaussian,lorentzian
-5.0,2.680112091795145e-8,0.005676332220641348
-4.995,3.042841273562322e-8,0.005704129137636877
-4.99,3.452610592738473e-8,0.005732183231964912
-4.985,3.915236704469709e-8,0.00576049811364088
-4.98,4.4372177251334536e-8,0.005789077460487446
-4.975,5.025808235410289e-8,0.0058179250197195045
-4.97,5.689101945869148e-8,0.005847044609573153
-4.965,6.436122738559614e-8,0.005876440120980165
-4.96,7.276924856807319e-8,0.005906115519289412
-4.955,8.222703078124971e-8,0.0059360748460366465
-4.95,9.285913772059477e-8,0.005966322220764338
-4.945,1.0480407816091574e-7,0.005996861842893142
-4.94,1.1821576418573336e-7,0.006027697993646631
-4.935,1.3326510978316607e-7,0.006058835038031154
-4.93,1.5014178196012465e-7,0.006090277426872468
-4.925,1.6905611743351713e-7,0.0061220296989112485
-4.92,1.9024121891678017e-7,0.006154096482959156
-4.915,2.1395524603429735e-7,0.0061864825001177225
-4.91,2.404839169663044e-7,0.006219192566061966
-4.905,2.701432380542717e-7,0.006252231593391048
-4.9,3.032824797826072e-7,0.006285604594048114
-4.895,3.402874187978558e-7,0.006319316681811754
-4.89,3.815838669321101e-7,0.006353373074861397
-4.885,4.2764150956391087e-7,0.006387779098419311
-4.88,4.789780770771477e-7,0.006422540187471668
-4.875,5.36163874667233e-7,0.006457661889571494
-4.87,5.998266972928585e-7,0.006493149867726261
-4.865,6.706571581807434e-7,0.006529009903373121
-4.86,7.494144609585244e-7,0.006565247899444697
-4.855,8.369326472157183e-7,0.006601869883528771
-4.85,9.341273530723847e-7,0.0066388820111249434
-4.845,1.0420031101668138e-6,0.006676290569001838
-4.84,1.1616612283546823e-6,0.006714101978658296
-4.835,1.2943082993371462e-6,0.00675232279989228
-4.83,1.44126536240197e-6,0.006790959734481317
-4.825,1.6039777754623574e-6,0.006830019629978361
-4.82,1.7840258366081215e-6,0.006869509483627409
-4.815,1.98313620343551e-6,0.0069094364464029065
-4.81,2.2031941594878135e-6,0.0069498078271776455
-4.805,2.446256779209714e-6,0.006990631097023585
-4.8,2.714567044885911e-6,0.007031913893650635
-4.795,3.0105689710848213e-6,0.007073664025988251
-4.79,3.3369237941542683e-6,0.00711588947891512
-4.785,3.6965272863004496e-6,0.00715859841814245
-4.78,4.092528255713142e-6,0.00720179919525636
-4.775,4.528348296062762e-6,0.00724550035292542
-4.77,5.007702850472704e-6,0.007289710630279313
-4.765,5.534623656744788e-6,0.007334438968465086
-4.76,6.11348264217134e-6,0.007379694516387619
-4.755,6.749017337677128e-6,0.007425486636641135
-4.75,7.446357882287568e-6,0.007471824911638996
-4.745,8.211055689983493e-6,0.007518719149949256
-4.74,9.049113851860432e-6,0.007566179392843774
-4.735,9.967019347134414e-6,0.0076142159210688745
-4.73,1.0971777136901193e-5,0.007662839261846199
-4.725,1.2070946214634726e-5,0.0077120601961123735
-4.72,1.3272677687173774e-5,0.007761889766006636
-4.715,1.4585754959370673e-5,0.007812339282616159
-4.71,1.6019636094616982e-5,0.007863420333988689
-4.705,1.7584498422110608e-5,0.007915144793423113
-4.7,1.9291285459932238e-5,0.007967524828048559
-4.695,2.1151756220739418e-5,0.008020572907703303
-4.69,2.317853696412455e-5,0.008074301814125153
-4.685,2.538517545638866e-5,0.008128724650465527
-4.68,2.7786197794617027e-5,0.008183854851139736
-4.675,3.0397167847490186e-5,0.008239706192027001
-4.67,3.323474936015489e-5,0.008296292801033518
-4.665,3.631677076473364e-5,0.008353629169033323
-4.66,3.966229273158799e-5,0.008411730161201513
-4.655,4.3291678489269674e-5,0.008470611028755671
-4.65,4.7226666933153565e-5,0.008530287421121432
-4.645,5.149044853402263e-5,0.008590775398539172
-4.64,5.6107744048333996e-5,0.008652091445129292
-4.635,6.110488602154212e-5,0.00871425248243447
-4.63,6.650990306459997e-5,0.008777275883457747
-4.625,7.235260687168533e-5,0.008841179487216308
-4.62,7.866468193418903e-5,0.008905981613831602
-4.615,8.547977789211152e-5,0.008971701080177122
-4.61,9.28336044492056e-5,0.009038357216106198
-4.605,0.00010076402876247737,0.009105969881282976
-4.6,0.0001093111752000225,0.009174559482640676
-4.595,0.00011851752734361165,0.009244146992492095
-4.59,0.00012842803209402463,0.009314753967318594
-4.585,0.00013909020571774682,0.009386402567264335
-4.58,0.00015055424165350364,0.009459115576364011
-4.575,0.0001628731198760533,0.009532916423533107
-4.57,0.00017610271759285306,0.00960782920435096
-4.565,0.00019030192102664078,0.009683878703667883
-4.56,0.0002055327380137064,0.009761090419068821
-4.555,0.0002218604111236942,0.009839490585227038
-4.55,0.00023935353098234193,0.009919106199182834
-4.545,0.0002580841494534776,0.009999965046582869
-4.54,0.0002781278923112722,0.010082095728917434
-4.535,0.0002995640710079545,0.010165527691793894
-4.53,0.00032247579311624745,0.010250291254285664
-4.525,0.0003469500709996946,0.010336417639397417
-4.52,0.00037307792823797285,0.01042393900568822
-4.515,0.00040095450330829833,0.010512888480095333
-4.51,0.00043067914999844026,0.01060330019200282
-4.505,0.0004623555340014181,0.010695209308599471
-4.5,0.0004960917251173901,0.01078865207157212
-4.495,0.0005320002844641629,0.010883665835180877
-4.49,0.0005701983460746682,0.010980289105763492
-4.485,0.0006108076922377168,0.011078561582716943
-4.48,0.0006539548219175573,0.011178524201004252
-4.475,0.0006997710115684342,0.011280219175235265
-4.47,0.0007483923676425686,0.011383690045369679
-4.465,0.0007999598700743011,0.011488981724090524
-4.46,0.0008546194060090129,0.011596140545895658
-4.455,0.00091252179303415,0.011705214317953625
-4.45,0.0009738227911603834,0.01181625237276926
-4.445,0.0010386831027945505,0.011929305622702006
-4.44,0.0011072683599424337,0.012044426616377852
-4.435,0.001179749097878966,0.01216166959703233
-4.43,0.0012563007145261855,0.012281090562818477
-4.425,0.0013371034147858396,0.012402747329108978
-4.42,0.0014223421390830975,0.012526699592815395
-4.415,0.0015122064753921908,0.012653008998741846
-4.41,0.0016068905540325014,0.012781739207981447
-4.405,0.0017065929245459088,0.012912955968355042
-4.4,0.0018115164139928335,0.013046727186880856
-4.395,0.0019218679660355912,0.013183123004250724
-4.39,0.0020378584602133883,0.01332221587127423
-4.385,0.002159702510854359,0.013464080627235243
-4.38,0.002287618245114905,0.013608794580085492
-4.375,0.0024218270596878034,0.013756437588378457
-4.37,0.002562553355775672,0.01390709214482103
-4.365,0.0027100242519871574,0.014060843461291835
-4.36,0.0028644692748787883,0.014217779555142774
-4.355,0.0030261200269362473,0.014377991336563397
-4.35,0.0031952098318644246,0.014541572696745969
-4.345,0.0033719733571361044,0.014708620596542642
-4.34,0.003556646213835144,0.014879235155253787
-4.335,0.00374946453391899,0.015053519739126817
-4.33,0.0039506645251210434,0.015231581049080437
-4.325,0.004160482003811478,0.015413529207094642
-4.32,0.004379151906238247,0.01559947784062611
-4.315,0.004606907778676491,0.01578954416431793
-4.31,0.00484398124712463,0.015983849058172454
-4.305,0.005090601467298186,0.016182517141245828
-4.3,0.005346994555789001,0.016385676839801917
-4.295,0.005613383003373966,0.01659346044872939
-4.29,0.005889985071578738,0.016806004184881925
-4.285,0.006177014173721938,0.017023448230842744
-4.28,0.006474678241787504,0.01724593676744464
-4.275,0.006783179080594792,0.01747361799319249
-4.27,0.0071027117108576265,0.017706644128538267
-4.265,0.007433463702843668,0.01794517140274916
-4.26,0.007775614502465425,0.01818936002088845
-4.255,0.008129334751748837,0.01843937410819585
-4.25,0.008494785605740593,0.018695381628914962
-4.245,0.008872118048023844,0.01895755427636845
-4.24,0.009261472207117406,0.019226067330833343
-4.235,0.00966297667613327,0.019501099481522607
-4.23,0.010076747838160918,0.019782832608741713
-4.225,0.010502889199934055,0.020071451522065714
-4.22,0.01094149073641401,0.020367143650185014
-4.215,0.011392628248996872,0.020670098677905435
-4.21,0.011856362740110413,0.02098050812567102
-4.205,0.012332739807021861,0.02129856486692757
-4.2,0.012821789057717206,0.02162446257866851
-4.195,0.01332352355174379,0.021958395120631295
-4.19,0.013837939268925839,0.022300555838853892
-4.185,0.014365014608868696,0.02265113678968856
-4.18,0.014904709924159217,0.023010327880920254
-4.175,0.015456967090150629,0.02337831592738213
-4.17,0.016021709114181396,0.023755283619416954
-4.165,0.01659883978703079,0.024141408403732398
-4.16,0.017188243379346695,0.02453686127765104
-4.155,0.017789784385701175,0.024941805499482248
-4.15,0.01840330731883268,0.025356395219743328
-4.145,0.01902863655652228,0.025780774040228813
-4.14,0.01966557624342155,0.02621507351044249
-4.135,0.020313910250008838,0.026659411573634564
-4.13,0.02097340219068594,0.02711389097754914
-4.125,0.021643795502855927,0.02757859766791266
-4.12,0.022324813588628645,0.028053599185545165
-4.115,0.02301616002059553,0.028538943090616727
-4.11,0.02371751881289313,0.02903465543981104
-4.105,0.024428554758540513,0.02954073934379378
-4.1,0.02514891383378613,0.03005717363317991
-4.095,0.025878223669937816,0.03058391166091048
-4.09,0.026616094092878836,0.031120880267349074
-4.085,0.027362117730183565,0.03166797893126474
-4.08,0.028115870685457258,0.03222507912502741
-4.075,0.02887691327921795,0.03279202388569345
-4.07,0.02964479085532963,0.03336862760522451
-4.065,0.03041903465167835,0.0339546760330041
-4.06,0.031199162733462182,0.03454992647240087
-4.055,0.03198468098713999,0.03515410814085943
-4.05,0.032775084172760906,0.03576692265055805
-4.045,0.03356985703206486,0.03638804455488807
-4.04,0.03436847544942529,0.037017121895895996
-4.035,0.035170407662380616,0.03765377668044729
-4.03,0.03597511551818659,0.03829760520933915
-4.025,0.036782055772512756,0.038948178184931036
-4.02,0.03759068142610649,0.03960504052992584
-4.015,0.0384004430949587,0.04026771086328629
-4.01,0.039210790409231935,0.040935680599084284
-4.005,0.040021173435945884,0.04160841266004215
-4.0,0.04083104412017488,0.042285339828825506
-3.995,0.04163985773928379,0.04296586279539435
-3.99,0.042447074364522455,0.04364934799605631
-3.985,0.04325216032411619,0.04433512537697321
-3.98,0.04405458966182778,0.04502248624915227
-3.975,0.04485384558483394,0.04571068143065762
-3.97,0.04564942189464804,0.046398919892197056
-3.965,0.046440824394744146,0.04708636813193519
-3.96,0.047227572268484216,0.04777215050233259
-3.955,0.048009199420934616,0.0484553506946437
-3.95,0.0487852557781657,0.049135014554820354
-3.945,0.049555308537677895,0.049810154358281046
-3.94,0.050318943363672854,0.050479754611593326
-3.935,0.051075765521003895,0.05114277937887225
-3.93,0.051825400941783756,0.05179818105284209
-3.925,0.05256749721881255,0.052444910409132954
-3.92,0.05330172452020267,0.05308192770222089
-3.915,0.054027776419831426,0.053708214487636456
-3.91,0.05474537063853325,0.0543227857929107
-3.905,0.055454249691266014,0.05492470221420584
-3.9,0.056154181435834616,0.05551308149101159
-3.895,0.05684495951914038,0.05608710911096412
-3.89,0.05752640371733616,0.05664604752262921
-3.885,0.05819836016671226,0.05718924358617733
-3.88,0.05886070148260712,0.057716133968593576
-3.875,0.059513326764133616,0.058226248287905825
-3.87,0.06015616148303023,0.05871920992463944
-3.865,0.06078915725548888,0.05919473454168723
-3.86,0.06141229149636972,0.05965262647842816
-3.855,0.062025566955789896,0.06009277330322984
-3.85,0.0626290111386637,0.0605151389126157
-3.845,0.06322267560837086,0.06091975564831276
-3.84,0.06380663517633846,0.06130671595938417
-3.835,0.06438098697993515,0.06167616416165827
-3.83,0.06494584945168884,0.062028288838671314
-3.825,0.06550136118345146,0.06236331638744166
-3.82,0.06604767968974012,0.062681506140784
-3.815,0.06658498007508035,0.06298314739968076
-3.81,0.0671134536107624,0.06326855859021115
-3.805,0.0676333062269877,0.06353808862673672
-3.8,0.06814475692693207,0.06379212042429928
-3.795,0.06864803612977677,0.06403107636671138
-3.79,0.06914338395025689,0.06425542541066119
-3.785,0.06963104842274363,0.06446569139773596
-3.78,0.07011128367831312,0.06466246206192834
-3.775,0.07058434808365191,0.0648463981647754
-3.77,0.07105050235100775,0.065018242166837
-3.765,0.07151000762871094,0.06517882585376737
-3.76,0.07196312358206208,0.06532907637671004
-3.755,0.07241010647460602,0.06547002023704732
-3.75,0.072851207259986,0.06560278483976875
-3.745,0.07328666969469255,0.0657285973515682
-3.74,0.07371672848209158,0.06584878072196196
-3.735,0.07414160745812867,0.06596474685061092
-3.73,0.07456151782906384,0.06607798700418875
-3.725,0.07497665647149215,0.066190059694914
-3.72,0.07538720430474609,0.0663025763248131
-3.715,0.07579332474556269,0.06641718497104826
-3.71,0.07619516225462344,0.06653555273609611
-3.705,0.07659284098424675,0.06665934711182538
-3.7,0.07698646353612333,0.06679021680983188
-3.695,0.07737610983754567,0.0669297724943151
-3.69,0.07776183614408436,0.06707956782188462
-3.685,0.07814367417611827,0.06724108114911803
-3.68,0.07852163039602546,0.06741569821779912
-3.675,0.07889568543219824,0.06760469607373577
-3.67,0.07926579365535538,0.06780922842161671
-3.665,0.07963188291189309,0.06803031256857035
-3.66,0.07999385441824713,0.06826881806518673
-3.655,0.08035158281943564,0.06852545711612931
-3.65,0.08070491641411656,0.06880077680363599
-3.645,0.08105367754763598,0.06909515314591659
-3.64,0.08139766317365951,0.06940878699777658
-3.635,0.08173664558408102,0.06974170179124385
-3.63,0.0820703733059919,0.07009374310768131
-3.625,0.08239857216357506,0.07046458006774296
-3.62,0.08272094650186651,0.07085370851940302
-3.615,0.08303718056840963,0.07126045599512183
-3.61,0.08334694004791715,0.0716839883952174
-3.605,0.0836498737441579,0.07212331833434801
-3.6,0.08394561540240787,0.07257731506091591
-3.595,0.08423378566494932,0.07304471582511361
-3.59,0.0845139941512752,0.07352413853101986
-3.585,0.08478584165386462,0.07401409546321903
-3.58,0.08504892243963907,0.07451300783135091
-3.575,0.08530282664650068,0.07501922083005699
-3.57,0.0855471427636884,0.07553101887085623
-3.565,0.08578146018407877,0.07604664061083578
-3.56,0.08600537181600251,0.07656429338500066
-3.555,0.08621847674165294,0.0770821666487153
-3.55,0.08642038290873098,0.07759844405716454
-3.545,0.08661070984160603,0.07811131385230165
-3.54,0.08678909135797665,0.07861897729498238
-3.535,0.08695517827678893,0.07911965496977041
-3.53,0.08710864110302198,0.0796115908992309
-3.525,0.08724917267487167,0.08009305452850131
-3.52,0.08737649075886712,0.08056234077300531
-3.515,0.08749034057852996,0.0810177684544973
-3.51,0.08759049726234333,0.08145767757458197
-3.505,0.08767676819702878,0.08188042598163203
-3.5,0.08774899527244039,0.08228438606831043
-3.495,0.0878070570047676,0.08266794218547557
-3.49,0.08785087052520085,0.08302948946857805
-3.485,0.08788039342174277,0.08336743474137695
-3.48,0.08789562542245061,0.0836802000879855
-3.475,0.08789660990906539,0.08396622956965138
-3.47,0.08788343525071379,0.08422399941163951
-3.465,0.08785623594816529,0.08445203180497489
-3.46,0.08781519357997535,0.08464891226665336
-3.455,0.08776053754275033,0.08481331029098264
-3.45,0.08769254557871886,0.08494400281589266
-3.445,0.08761154408479076,0.08503989983372215
-3.44,0.0875179081983148,0.08510007130823932
-3.435,0.08741206165581364,0.08512377442948718
-3.43,0.08729447642206482,0.0851104801545615
-3.425,0.0871656720880119,0.08505989795214278
-3.42,0.08702621503711869,0.08497199769479083
-3.415,0.0868767173809186,0.08484702772540001
-3.41,0.0867178356656553,0.08468552825880227
-3.405,0.08655026935305041,0.08448833945879974
-3.4,0.08637475907936705,0.08425660374435437
-3.395,0.08619208469805643,0.08399176211350484
-3.39,0.08600306311237245,0.08369554451572457
-3.385,0.08580854590541102,0.08336995453867338
-3.38,0.08560941677607163,0.08301724889031253
-3.375,0.085406588790441,0.08263991234077564
-3.37,0.08520100145906043,0.08224062893154845
-3.365,0.08499361765145001,0.0818222503569443
-3.36,0.08478542036012543,0.08138776247250931
-3.355,0.0845774093271452,0.08094025088804023
-3.35,0.0843705975469709,0.08048286656340013
-3.345,0.0841660076601003,0.0800187922495899
-3.34,0.08396466825254237,0.07955121051337959
-3.335,0.08376761007674448,0.0790832739598416
-3.33,0.08357586221004228,0.07861807813196652
-3.325,0.0833904481670945,0.07815863742827407
-3.32,0.08321238198307279,0.07770786424498158
-3.315,0.08304266428460577,0.0772685514245797
-3.31,0.08288227836562738,0.0768433579818132
-3.305,0.08273218628534577,0.07643479798383276
-3.3,0.08259332500553436,0.0760452323850373
-3.295,0.08246660258425324,0.07567686355907517
-3.29,0.08235289444292974,0.07533173222983976
-3.285,0.08225303972347359,0.07501171647863095
-3.28,0.08216783775176636,0.07471853249401711
-3.275,0.08209804462345417,0.0744537367321629
-3.27,0.08204436992748897,0.07421872916623574
-3.265,0.08200747362230598,0.07401475732181588
-3.26,0.08198796307890079,0.07384292081903414
-3.255,0.08198639030437961,0.07370417616970809
-3.25,0.08200324935880264,0.07359934160760984
-3.245,0.08203897397733241,0.07352910176100176
-3.24,0.08209393540883368,0.07349401200786075
-3.235,0.08216844048115808,0.07349450238514849
-3.23,0.08226272990238885,0.07353088095367863
-3.225,0.08237697680632103,0.07360333654936556
-3.22,0.08251128554941874,0.07371194087983649
-3.215,0.08266569076542556,0.0738566499525619
-3.21,0.08284015668271309,0.07403730484688593
-3.205,0.08303457670834209,0.07425363186769185
-3.2,0.08324877328168391,0.07450524214298049
-3.195,0.08348249799931219,0.07479163075135926
-3.19,0.0837354320117352,0.0751121754882366
-3.185,0.08400718669139529,0.07546613540117329
-3.18,0.08429730457022713,0.07585264924498676
-3.175,0.08460526054393923,0.07627073402533471
-3.17,0.0849304633390721,0.07671928381493741
-3.165,0.08527225723779581,0.07719706903853008
-3.16,0.08562992405434043,0.07770273643013331
-3.155,0.0860026853559166,0.0782348098682918
-3.15,0.08638970491997658,0.0787916922905448
-3.145,0.08679009141869938,0.07937166887662395
-3.14,0.08720290132065381,0.07997291166993997
-3.135,0.08762714199871345,0.08059348577833929
-3.13,0.08806177503246085,0.08123135725775697
-3.125,0.08850571969253565,0.081884402736643
-3.12,0.0889578565936509,0.0825504207858278
-3.115,0.08941703150233074,0.08322714497935986
-3.11,0.08988205928480728,0.08391225852893736
-3.105,0.09035172797996349,0.08460341031052894
-3.1,0.0908248029817192,0.08529823203971942
-3.095,0.0913000313148333,0.08599435629546964
-3.09,0.09177614598773616,0.08668943504359528
-3.085,0.09225187040571642,0.08738115827420485
-3.08,0.09272592282756226,0.08806727234392103
-3.075,0.09319702084860201,0.08874559760536255
-3.07,0.09366388589300524,0.0894140449135603
-3.065,0.09412524769818383,0.09007063062110511
-3.06,0.09457984877419044,0.09071348970927698
-3.055,0.09502644882112324,0.09134088674879937
-3.05,0.09546382908773833,0.09195122443829723
-3.045,0.09589079665472072,0.09254304952800722
-3.04,0.09630618862638364,0.09311505599801906
-3.035,0.09670887621494616,0.09366608542215958
-3.03,0.09709776870198326,0.09419512450923326
-3.025,0.09747181726214443,0.09470129987229102
-3.02,0.09783001863479864,0.09518387013435337
-3.015,0.09817141862987934,0.09564221553660524
-3.01,0.09849511545487283,0.09607582527379765
-3.005,0.09880026285061297,0.09648428284251177
-3.0,0.09908607302431352,0.09686724975152565
-2.995,0.09935181936907965,0.09722444800920015
-2.99,0.09959683895999484,0.09755564186877515
-2.985,0.09982053481776954,0.09786061937563731
-2.98,0.10002237793186387,0.09813917431670369
-2.975,0.10020190903595326,0.09839108921593559
-2.97,0.10035874012958874,0.09861612004610232
-2.965,0.1004925557409114,0.09881398332985941
-2.96,0.10060311392630529,0.09898434627829483
-2.955,0.10069024700391556,0.09912682055890448
-2.95,0.10075386201901057,0.09924096019577114
-2.945,0.10079394094022545,0.09932626398289607
-2.94,0.10081054058678794,0.0993821826397761
-2.935,0.10080379228788669,0.0994081307613323
-2.93,0.10077390127639713,0.09940350341921796
-2.925,0.10072114582022491,0.09936769706729583
-2.92,0.10064587609555589,0.09930013420097729
-2.915,0.10054851280731379,0.09920029102935336
-2.91,0.10042954556311373,0.09906772725190598
-2.905,0.1002895310079616,0.09890211689877548
-2.9,0.10012909072787853,0.09870327910434848
-2.895,0.09994890893152356,0.0984712076454146
-2.89,0.09974972991974382,0.0982060980915893
-2.885,0.09953235535379226,0.097908371488018
-2.88,0.0992976413337198,0.09757869361593342
-2.875,0.09904649529916291,0.09721798904919791
-2.87,0.09877987276541116,0.09682744943516024
-2.865,0.09849877390824423,0.09640853566401365
-2.86,0.09820424001157459,0.09596297383876046
-2.855,0.09789734979241775,0.09549274520363918
-2.85,0.09757921561813174,0.09500007041872008
-2.845,0.097250979631223,0.09448738877013803
-2.84,0.09691380979730319,0.09395733306933651
-2.835,0.09656889589199805,0.09341270111399598
-2.83,0.0962174454427574,0.09285642465464514
-2.825,0.09586067964159217,0.09229153683425168
-2.82,0.0954998292447675,0.09172113904637673
-2.815,0.09513613047541582,0.09114836809628189
-2.81,0.09477082094489311,0.09057636445604855
-2.805,0.09440513560849537,0.09000824228774192
-2.8,0.09404030277087069,0.0894470617766723
-2.795,0.09367754015611764,0.08889580417830206
-2.79,0.0933180510571447,0.08835734984488604
-2.785,0.09296302057839062,0.08783445936784344
-2.78,0.09261361198546167,0.08732975785404062
-2.775,0.09227096317464678,0.08684572225201814
-2.77,0.09193618327461235,0.08638467155969304
-2.765,0.09161034939187464,0.08594875967891134
-2.76,0.0912945035108887,0.0855399706340625
-2.755,0.09098964955879313,0.08516011584065127
-2.75,0.09069675064400734,0.08481083309353428
-2.745,0.09041672647700318,0.0844935869414282
-2.74,0.0901504509806619,0.08420967012212419
-2.735,0.08989875009669522,0.08396020574944217
-2.73,0.08966239979365358,0.08374614996635946
-2.725,0.08944212428107388,0.08356829480717115
-2.72,0.08923859443333866,0.08342727104351824
-2.715,0.08905242642583168,0.08332355082344235
-2.71,0.08888418058499102,0.08325744994841522
-2.705,0.08873436045288025,0.08322912966987601
-2.7,0.08860341206593085,0.0832385979237995
-2.695,0.08849172344655742,0.08328570995896663
-2.69,0.08839962430541784,0.08337016835180995
-2.685,0.08832738595118764,0.08349152243793839
-2.68,0.088275221403847,0.08364916722769056
-2.675,0.0882432857066432,0.08384234191027531
-2.67,0.08823167643109875,0.08407012808808922
-2.665,0.08824043436868402,0.08433144791936345
-2.66,0.0882695444020737,0.08462506238288546
-2.655,0.08831893654825673,0.0849495699124499
-2.65,0.08838848716517497,0.08530340567988588
-2.645,0.08847802031302951,0.08568484183269877
-2.64,0.08858730926091746,0.08609198901394234
-2.635,0.08871607812904554,0.08652279950602586
-2.63,0.0888640036564169,0.08697507234467908
-2.625,0.089030717083598,0.0874464607420219
-2.62,0.08921580613995085,0.08793448213639571
-2.615,0.0894188171245558,0.08843653114929502
-2.61,0.08963925706995761,0.08894989567471319
-2.605,0.08987659597783497,0.08947177625246361
-2.6,0.09013026911572679,0.08999930878440678
-2.595,0.0903996793640387,0.09052959054193177
-2.59,0.09068419960270516,0.09105970928680773
-2.585,0.09098317512708713,0.09158677518934988
-2.58,0.09129592608294589,0.09210795508297955
-2.575,0.09162174991064093,0.0926205084493156
-2.57,0.09195992378905685,0.09312182439073126
-2.565,0.09230970707015962,0.09360945872635931
-2.56,0.09267034369552112,0.09408117025158566
-2.555,0.09304106458661898,0.0945349551383636
-2.55,0.09342109000121968,0.09496907843124563
-2.545,0.09380963184867726,0.09538210161693074
-2.54,0.09420589595752606,0.09577290531584019
-2.535,0.09460908428930524,0.09614070626222063
-2.53,0.09501839709312648,0.09648506790071773
-2.525,0.09543303499607164,0.09680590412531706
-2.52,0.09585220102508904,0.09710347591133137
-2.515,0.09627510255662972,0.09737838083096897
-2.51,0.09670095319083563,0.09763153568508849
-2.505,0.09712897454764649,0.09786415271501968
-2.5,0.0975583979827322,0.09807771006678047
-2.495,0.0979884662216779,0.09827391735543801
-2.49,0.09841843491134548,0.09845467731216441
-2.485,0.09884757408780528,0.098622044586143
-2.48,0.09927516956067071,0.09877818281651246
-2.475,0.09970052421407961,0.09892532108756968
-2.47,0.10012295922493622,0.09906571083767376
-2.465,0.10054181519936828,0.09920158421479279
-2.46,0.10095645322865139,0.09933511476675189
-2.455,0.10136625586611686,0.09946838122977389
-2.45,0.10177062802677866,0.09960333504247397
-2.445,0.10216899781160083,0.09974177207092144
-2.44,0.10256081725846841,0.09988530888946061
-2.435,0.10294556302203349,0.10003536382605617
-2.43,0.10332273698467259,0.10019314285300392
-2.425,0.1036918668008273,0.10035963028567667
-2.42,0.10405250637699613,0.10053558414428704
-2.415,0.10440423628961279,0.1007215359364771
-2.41,0.1047466641429818,0.10091779453158554
-2.405,0.10507942486935173,0.10112445372038109
-2.4,0.10540218097309255,0.10134140298688442
-2.395,0.10571462272080691,0.10156834096213473
-2.39,0.10601646827905245,0.10180479098453306
-2.385,0.10630746380118557,0.10205011815946345
-2.38,0.10658738346465703,0.10230354729452149
-2.375,0.10685602945990953,0.10256418108834271
-2.37,0.10711323193183249,0.10283101797313447
-2.365,0.1073588488745493,0.10310296905548147
-2.36,0.1075927659801227,0.10337887366782142
-2.355,0.10781489644159079,0.10365751313393219
-2.35,0.10802518071058076,0.10393762246400222
-2.345,0.10822358620959557,0.10421789982487367
-2.34,0.10841010699893401,0.10449701377360908
-2.335,0.1085847633980933,0.10477360839090943
-2.33,0.10874760156140785,0.10504630659717613
-2.325,0.10889869300761332,0.10531371206956601
-2.32,0.10903813410298253,0.10557441029454664
-2.315,0.10916604549766813,0.105826969379047
-2.31,0.1092825715149027,0.10606994129733811
-2.305,0.10938787949275385,0.10630186426496525
-2.3,0.10948215907820781,0.10652126690229399
-2.295,0.10956562147346437,0.10672667477786485
-2.29,0.10963849863446218,0.10691661980778626
-2.285,0.10970104242182085,0.1070896528364435
-2.28,0.10975352370458341,0.10724435954293637
-2.275,0.10979623141736305,0.10737937961611961
-2.27,0.10982947157174855,0.10749342892981018
-2.265,0.10985356622309095,0.10758532424068462
-2.26,0.1098688523940871,0.10765400973707281
-2.255,0.1098756809568838,0.10769858459939577
-2.25,0.10987441547575054,0.10771833060338938
-2.245,0.10986543101270173,0.10771273871457972
-2.24,0.10984911289879531,0.10768153359315005
-2.235,0.109825855474178,0.1076246949555848
-2.23,0.10979606080029718,0.1075424748228819
-2.225,0.10976013734804096,0.10743540982061217
-2.22,0.10971849866590597,0.10730432787609379
-2.215,0.10967156203261474,0.10715034887182485
-2.21,0.10961974709891503,0.10697487904932486
-2.205,0.10956347452358219,0.1067795991996103
-2.2,0.10950316460891175,0.10656644691157809
-2.195,0.10943923594122949,0.10633759336439243
-2.19,0.10937210404215446,0.1060954153334175
-2.185,0.10930218003652582,0.10584246322283536
-2.18,0.10922986934304432,0.10558142603663655
-2.175,0.1091555703937768,0.10531509425133256
-2.17,0.10907967338873206,0.10504632155995117
-2.165,0.10900255909172821,0.10477798642187434
-2.16,0.10892459767374213,0.10451295428333664
-2.155,0.10884614760985285,0.1042540412368292
-2.15,0.1087675546357649,0.1040039797728831
-2.145,0.10868915076972441,0.10376538715330799
-2.14,0.10861125340541862,0.10354073680887978
-2.135,0.1085341644811815,0.10333233304350595
-2.13,0.10845816973051052,0.103142289216412
-2.125,0.10838353801853955,0.10297250947765915
-2.12,0.10831052076870752,0.10282467405248132
-2.115,0.10823935148341597,0.10270022800717804
-2.11,0.10817024536198272,0.1026003733829707
-2.105,0.10810339901867852,0.10252606455257755
-2.1,0.10803899030307794,0.10247800663477781
-2.095,0.10797717822437475,0.1024566567918476
-2.09,0.10791810298070086,0.10246222823016309
-2.085,0.1078618860938627,0.1024946967221888
-2.08,0.10780863064926009,0.10255380946543387
-2.075,0.1077584216400993,0.10263909608819335
-2.07,0.1077113264143453,0.10274988160102479
-2.065,0.10766739522219619,0.10288530107580857
-2.06,0.10762666186119886,0.10304431581065548
-2.055,0.10758914441547313,0.10322573070962618
-2.05,0.10755484608487152,0.10342821257294031
-2.045,0.10752375609928182,0.10365030895879557
-2.04,0.10749585071268204,0.1038904672455388
-2.035,0.1074710942709898,0.10414705349682318
-2.03,0.10744944034721304,0.10441837071684253
-2.025,0.10743083293691186,0.10470267608199989
-2.02,0.10741520770652668,0.10499819675312012
-2.015,0.10740249328671835,0.10530314391131283
-2.01,0.10739261260250639,0.10561572472222278
-2.005,0.10738548423168545,0.10593415201741777
-2.0,0.10738102378274861,0.1062566515859257
-1.995,0.10737914528335203,0.10658146708943095
-1.99,0.1073797625702249,0.10690686274556306
-1.985,0.10738279067135469,0.10723112405780102
-1.98,0.10738814717127021,0.10755255699947393
-1.975,0.10739575355029941,0.1078694861744285
-1.97,0.10740553648879579,0.10818025256962868
-1.965,0.10741742912750842,0.10848321157752708
-1.96,0.10743137227551253,0.1087767319922805
-1.955,0.10744731555742175,0.10905919666946316
-1.95,0.10746521849196233,0.10932900548193569
-1.945,0.10748505149441151,0.10958458110559714
-1.94,0.1075067967958698,0.10982437803117306
-1.935,0.10753044927286244,0.11004689502785452
-1.93,0.10755601718133123,0.11025069108965901
-1.925,0.1075835227896923,0.11043440468597449
-1.92,0.10761300290628287,0.11059677592535273
-1.915,0.10764450929720619,0.1107366710385519
-1.91,0.10767810899129561,0.11085310840537747
-1.905,0.10771388446965556,0.11094528520162562
-1.9,0.10775193373799428,0.11101260363737703
-1.895,0.10779237028072904,0.11105469570373182
-1.89,0.10783532289662376,0.11107144534651314
-1.885,0.1078809354164949,0.1110630070437764
-1.88,0.10792936630429731,0.1110298198767154
-1.875,0.10798078814366661,0.11097261634472129
-1.87,0.10803538701274604,0.11089242537561445
-1.865,0.10809336175085525,0.11079056920953242
-1.86,0.10815492312126508,0.11066865407602278
-1.855,0.10822029287501654,0.11052855482432483
-1.85,0.10828970272136258,0.11037239389288922
-1.845,0.10836339321101152,0.110202515203668
-1.84,0.10844161253890745,0.11002145372983572
-1.835,0.10852461527379297,0.10983190160561579
-1.83,0.10861266102225614,0.10963667172042063
-1.825,0.10870601303536899,0.10943865976652647
-1.82,0.10880493676637176,0.10924080569301256
-1.815,0.10890969838814606,0.10904605546424781
-1.81,0.10902056327944702,0.10885732393612733
-1.805,0.1091377944890326,0.10867745955596772
-1.8,0.10926165118693022,0.10850921147113148
-1.795,0.10939238711212261,0.1083551995053761
-1.79,0.10953024902591353,0.10821788733798615
-1.785,0.10967547518014842,0.10809955910499924
-1.78,0.10982829380932231,0.10800229953879276
-1.775,0.10998892165540335,0.10792797767484712
-1.77,0.11015756253393706,0.10787823408398595
-1.765,0.11033440594968356,0.10785447153472022
-1.76,0.11051962576966959,0.10785784895223438
-1.755,0.11071337896112247,0.10788927851584887
-1.75,0.11091580440128929,0.10794942572262398
-1.745,0.11112702176564307,0.10803871223791743
-1.74,0.11134713050043661,0.10815732135083894
-1.735,0.11157620888499006,0.10830520585046978
-1.73,0.11181431318849865,0.10848209813459878
-1.725,0.1120614769255198,0.10868752235430891
-1.72,0.11231771021365555,0.10892080838348635
-1.715,0.11258299923628733,0.10918110738155308
-1.71,0.11285730581255529,0.1094674086907407
-1.705,0.11314056707609976,0.10977855777731113
-1.7,0.11343269526341711,0.1101132748915671
-1.695,0.11373357761201419,0.11047017408741222
-1.69,0.11404307636789549,0.1108477822124463
-1.685,0.11436102890127554,0.11124455745836097
-1.68,0.11468724792879484,0.11165890705304223
-1.675,0.115021521839917,0.11208920368428522
-1.67,0.11536361512462343,0.11253380027361498
-1.665,0.11571326889898105,0.11299104276942956
-1.66,0.11607020152466065,0.11345928070209936
-1.655,0.1164341093180166,0.11393687533848644
-1.65,0.11680466734391824,0.11442220538645025
-1.645,0.11718153028913982,0.11491367032626418
-1.64,0.11756433340978066,0.11540969157884078
-1.635,0.11795269354689566,0.11590871185236143
-1.63,0.11834621020427437,0.11640919313073096
-1.625,0.11874446668210888,0.11690961387052204
-1.62,0.1191470312601452,0.11740846604956841
-1.615,0.11955345842381244,0.11790425275315226
-1.61,0.11996329012677182,0.11839548698755833
-1.605,0.12037605708332326,0.11888069237261213
-1.6,0.12079128008414726,0.1193584062841308
-1.595,0.12120847132894381,0.11982718589611092
-1.59,0.12162713576965783,0.12028561741569238
-1.585,0.12204677245814631,0.12073232861866909
-1.58,0.12246687589234655,0.12116600458890983
-1.575,0.12288693735524502,0.12158540635248657
-1.57,0.12330644624121537,0.12198939188869419
-1.565,0.1237248913645959,0.12237693880794216
-1.56,0.1241417622457002,0.12274716782282805
-1.555,0.12455655036980318,0.12309936601448512
-1.55,0.12496875041500916,0.1234330088205062
-1.545,0.12537786144529045,0.12374777964967006
-1.54,0.125783388065376,0.1240435860653771
-1.535,0.12618484153456772,0.12432057157358706
-1.53,0.12658174083696883,0.12457912219790328
-1.525,0.12697361370600826,0.12481986721655455
-1.52,0.1273599976015474,0.1250436736627457
-1.515,0.1277404406382507,0.12525163443836285
-1.51,0.1281145024642829,0.1254450501473657
-1.505,0.12848175508977017,0.12562540500532163
-1.5,0.128841783664816,0.12579433741237803
-1.495,0.12919418720720163,0.12595360597743338
-1.49,0.129538579280218,0.12610505194290136
-1.485,0.12987458862136747,0.12625055907693433
-1.48,0.13020185972294768,0.12639201217114562
-1.475,0.13052005336576733,0.12653125530762316
-1.47,0.1308288471074646,0.12667005104276607
-1.465,0.13112793572707998,0.12681004160253004
-1.46,0.1314170316276974,0.12695271310046755
-1.455,0.13169586519909146,0.12709936368335736
-1.45,0.13196418514241726,0.12725107638577138
-1.445,0.13222175875904713,0.12740869734036644
-1.44,0.1324683722056957,0.12757281984955113
-1.435,0.13270383071798483,0.12774377467969208
-1.43,0.1329279588045812,0.12792162679312397
-1.425,0.133140600413996,0.12810617858678494
-1.42,0.13334161907606346,0.12829697955948943
-1.415,0.13353089802002516,0.12849334218257685
-1.41,0.13370834027103182,0.12869436360105363
-1.405,0.13387386872673757,0.1288989526451748
-1.4,0.13402742621551578,0.129105861487501
-1.395,0.13416897553765436,0.12931372114093698
-1.39,0.13429849949071532,0.12952107986357306
-1.385,0.13441600088005048,0.12972644342201933
-1.38,0.13452150251527353,0.12992831607298416
-1.375,0.13461504719328632,0.13012524106015638
-1.37,0.1346966976682566,0.1303158393968276
-1.365,0.1347665366087403,0.13049884571998951
-1.36,0.13482466654194655,0.13067314006300745
-1.355,0.13487120978494532,0.13083777450316933
-1.35,0.13490630836243742,0.13099199379635224
-1.345,0.13493012391052547,0.1311352493095486
-1.34,0.1349428375657672,0.1312672057958213
-1.335,0.1349446498386374,0.1313877408155123
-1.33,0.13493578047039595,0.13149693688028813
-1.325,0.13491646827224055,0.1315950666697892
-1.32,0.13488697094552723,0.13168257193101054
-1.315,0.1348475648817645,0.13176003690566565
-1.31,0.1347985449410295,0.13182815732996428
-1.305,0.1347402242074215,0.13188770620619145
-1.3,0.1346729337201547,0.1319394976507291
-1.295,0.13459702217890246,0.1319843501762234
-1.29,0.1345128556220363,0.13202305076674736
-1.285,0.13442081707645864,0.13205632105676182
-1.28,0.13432130617780244,0.13208478683200142
-1.275,0.13421473875986795,0.1321089519389651
-1.27,0.13410154641228322,0.13212917752596845
-1.265,0.1339821760055096,0.132145667349419
-1.26,0.13385708918246628,0.1321584596706115
-1.255,0.1337267618162166,0.13216742604706458
-1.25,0.13359168343333994,0.13217227709400856
-1.245,0.13345235660280935,0.13217257506159957
-1.24,0.133309296290399,0.13216775284722435
-1.235,0.13316302917886,0.1321571388454645
-1.23,0.13301409295432143,0.13213998683681558
-1.225,0.13286303555959758,0.13211550993639384
-1.22,0.13271041441530718,0.13208291747219686
-1.215,0.13255679560993394,0.13204145354562274
-1.21,0.13240275306018037,0.13199043595115748
-1.205,0.1322488676431805,0.13192929410271514
-1.2,0.13209572630234748,0.131857604634874
-1.195,0.13194392112882908,0.13177512341984804
-1.19,0.13179404842073245,0.13168181286454622
-1.185,0.13164670772245154,0.13157786352265993
-1.18,0.1315025008465878,0.13146370926758746
-1.175,0.13136203088109732,0.1313400355137057
-1.17,0.13122590118441696,0.13120778023438787
-1.165,0.13109471437142495,0.13106812779229177
-1.16,0.13096907129317206,0.13092249585741336
-1.155,0.13084957001337705,0.13077251592846442
-1.15,0.13073680478471827,0.1306200081821049
-1.145,0.13063136502796188,0.13046695154363655
-1.14,0.13053383431696072,0.1303154499960801
-1.135,0.13044478937252138,0.1301676962194227
-1.13,0.13036479906807885,0.13002593367870388
-1.125,0.13029442345004022,0.12989241826175704
-1.12,0.13023421277555533,0.12976938051035314
-1.115,0.13018470657034859,0.1296589893992646
-1.11,0.13014643270910517,0.12956331850424754
-1.105,0.13011990652074007,0.12948431527008183
-1.1,0.13010562992070224,0.12942377395103488
-1.095,0.13010409057227024,0.1293833126548509
-1.09,0.13011576107858996,0.12936435478275002
-1.085,0.13014109820698352,0.1293681150256855
-1.08,0.13018054214683283,0.12939558995364833
-1.075,0.1302345158021042,0.12944755312136338
-1.07,0.13030342411934176,0.12952455451066705
-1.065,0.13038765345171477,0.12962692403704748
-1.06,0.13048757095946187,0.12975477876496078
-1.055,0.13060352404683642,0.129908033403464
-1.05,0.13073583983542342,0.13008641359069745
-1.045,0.130884824673471,0.13028947142368133
-1.04,0.131050763680662,0.13051660265024523
-1.035,0.13123392032755,0.13076706491475348
-1.03,0.1314345360486886,0.13103999644104708
-1.025,0.13165282988831353,0.13133443454718072
-1.02,0.13188899817727695,0.1316493334192892
-1.015,0.13214321423980116,0.13198358062773052
-1.01,0.13241562812850086,0.1323360119479007
-1.005,0.13270636638603223,0.1327054241497126
-1.0,0.1330155318316612,0.13309058554095524
-0.995,0.1333432033709941,0.1334902441861366
-0.99,0.13368943582710138,0.13390313386788233
-0.985,0.13405425979126886,0.13432797800507332
-0.98,0.13443768149164462,0.13476349188230155
-0.975,0.1348396826781093,0.13520838367017285
-0.97,0.13526022052177983,0.13566135481699687
-0.965,0.13569922752766667,0.13612110046187606
-0.96,0.1361566114591352,0.1365863105510041
-0.955,0.13663225527297834,0.13705567232894753
-0.95,0.13712601706408123,0.13752787482302017
-0.945,0.13763773001885657,0.13800161584234302
-0.94,0.13816720237684021,0.1384756118772566
-0.935,0.13871421740006673,0.13894861111540657
-0.93,0.1392785333500877,0.13941940959637314
-0.925,0.13985988347274758,0.13988687031739544
-0.92,0.1404579759910972,0.14034994489017905
-0.915,0.1410724941070911,0.14080769714538538
-0.91,0.14170309601298975,0.14125932789959456
-0.905,0.14234941491366002,0.14170419995102515
-0.9,0.14301105906123904,0.142141862265182
-0.895,0.143687611803893,0.14257207225772928
-0.89,0.14437863165066375,0.1429948150840826
-0.885,0.14508365235464313,0.14341031890489533
-0.88,0.14580218301695255,0.1438190652115101
-0.875,0.14653370821422773,0.14422179345967162
-0.87,0.14727768815251077,0.1446194994642083
-0.865,0.14803355885063432,0.14501342724025043
-0.86,0.14880073235634705,0.14540505422442426
-0.855,0.14957859699856163,0.14579607005826703
-0.85,0.150366517679222,0.14618834935224034
-0.845,0.15116383620836665,0.14658391906007334
-0.84,0.1519698716860187,0.14698492127001492
-0.835,0.1527839209345597,0.14739357235517545
-0.83,0.15360525898523403,0.14781211951602263
-0.825,0.15443313962239258,0.1482427957940436
-0.82,0.15526679598901433,0.1486877746393132
-0.815,0.15610544125693784,0.1491491250812894
-0.81,0.15694826936510153,0.14962876848831658
-0.805,0.15779445582892201,0.15012843781466723
-0.8,0.15864315862374168,0.15064964013218787
-0.795,0.1594935191450456,0.1511936231338921
-0.79,0.16034466324788915,0.15176134618521994
-0.785,0.16119570236769265,0.15235345638978853
-0.78,0.1620457347242404,0.1529702700333042
-0.775,0.16289384661038864,0.1536117596733349
-0.77,0.16373911376661865,0.1542775470538053
-0.765,0.1645806028421934,0.15496690194020304
-0.76,0.16541737294326858,0.1556787468925302
-0.755,0.1662484772678943,0.15641166791554562
-0.75,0.16707296482740588,0.1571639308473087
-0.745,0.16788988225325951,0.15793350326527672
-0.74,0.1686982756879105,0.15871808160269518
-0.735,0.16949719275787148,0.1595151230761113
-0.73,0.1702856846266187,0.1603218819279704
-0.725,0.1710628081245467,0.16113544938797603
-0.72,0.17182762795270104,0.1619527966559042
-0.715,0.17257921895655415,0.16277082011054436
-0.71,0.17331666846562646,0.16358638785894783
-0.705,0.17403907869430152,0.16439638666231648
-0.7,0.17474556919874001,0.16519776821510485
-0.695,0.17543527938436512,0.16598759371764094
-0.69,0.17610737105796875,0.16676307567483964
-0.685,0.17676103101809093,0.16752161587870082
-0.68,0.17739547367693134,0.16826083859349683
-0.675,0.17800994370668743,0.1689786180616746
-0.67,0.1786037187028655,0.16967309958565102
-0.665,0.1791761118567821,0.17034271361399353
-0.66,0.17972647462917168,0.17098618246600114
-0.655,0.18025419941653323,0.1716025195602551
-0.65,0.18075872220159456,0.17219102126212082
-0.645,0.18123952517903935,0.17275125172239855
-0.64,0.18169613934743847,0.1732830213330038
-0.635,0.18212814705814637,0.17378635966354514
-0.63,0.18253518451177125,0.17426148395280633
-0.625,0.1829169441927028,0.17470876440001545
-0.62,0.1832731772320814,0.17512868762251368
-0.615,0.18360369568952264,0.17552181971145714
-0.61,0.1839083747438688,0.1758887703207015
-0.605,0.18418715478322004,0.17623015916456405
-0.6,0.18444004338451445,0.17654658617957533
-0.595,0.18466711717296297,0.1768386064288795
-0.59,0.1848685235517147,0.17710671060389557
-0.585,0.18504448229222442,0.17735131171710766
-0.58,0.18519528697591708,0.17757273829528628
-0.575,0.18532130627789883,0.17777123408821335
-0.57,0.18542298508364458,0.17794696401870105
-0.565,0.1855008454297999,0.1781000258296769
-0.56,0.1855554872604798,0.17823046664645548
-0.555,0.18558758899070835,0.17833830347830162
-0.55,0.185597907868949,0.17842354654159479
-0.545,0.18558728013099857,0.1784862242028886
-0.54,0.18555662093788028,0.17852640831594235
-0.535,0.1855069240907629,0.17854423876087347
-0.53,0.18543926151635312,0.17853994608102033
-0.525,0.1853547825166676,0.17851387124600737
-0.52,0.18525471277757646,0.17846648173770188
-0.515,0.18514035313103494,0.17839838334768848
-0.51,0.18501307806647477,0.1783103272786063
-0.505,0.1848743339874187,0.1782032123458564
-0.5,0.18472563721001006,0.17807808227095712
-0.495,0.18456857170080854,0.17793611823552283
-0.49,0.18440478655190395,0.17777862702033398
-0.485,0.18423599319213305,0.17760702518472396
-0.48,0.18406396233395395,0.1774228198473073
-0.475,0.18389052065633976,0.17722758671151312
-0.47,0.18371754722489245,0.17702294604114494
-0.465,0.1835469696512546,0.1768105373353301
-0.46,0.183380759994805,0.17659199348143204
-0.455,0.18322093041056647,0.17636891518062114
-0.45,0.18306952854822456,0.17614284644442843
-0.445,0.1829286327081607,0.17591525195109184
-0.44,0.18280034676142592,0.1756874970260144
-0.435,0.18268679484163938,0.1754608309686473
-0.43,0.18259011581786566,0.17523637438573977
-0.425,0.18251245755861675,0.1750151111056097
-0.42,0.18245597099823274,0.17479788513820602
-0.415,0.18242280401800717,0.17458540301088812
-0.41,0.1824150951555507,0.17437824165140764
-0.405,0.1824349671570027,0.17417686181082914
-0.4,0.18248452038782334,0.1739816268253658
-0.395,0.18256582611900796,0.17379282631448303
-0.39,0.1826809197066538,0.17361070421187616
-0.385,0.18283179368388378,0.17343549033591896
-0.38,0.18302039078517485,0.1732674345372854
-0.375,0.18324859692414097,0.17310684232388188
-0.37,0.18351823414679222,0.1729541107662261
-0.365,0.18383105358320065,0.17280976343751905
-0.36,0.1841887284213677,0.17267448314691525
-0.355,0.1845928469278787,0.17254914128397844
-0.35,0.18504490554065647,0.17243482270562907
-0.345,0.18554630205976883,0.17233284525920395
-0.34,0.1860983289628032,0.17224477323838053
-0.335,0.18670216687178845,0.17217242430172697
-0.33,0.18735887819900712,0.1721178696335555
-0.325,0.18806940099929936,0.17208342737960047
-0.32,0.18883454305660535,0.1720716496318903
-0.315,0.18965497623251848,0.17208530345525203
-0.31,0.19053123110451894,0.17212734663148305
-0.305,0.19146369192133286,0.17220089893848353
-0.3,0.19245259190249295,0.17230920987594647
-0.295,0.1934980089086794,0.1724556237953309
-0.29,0.19459986150877256,0.17264354339176086
-0.285,0.19575790546876473,0.17287639247393197
-0.28,0.19697173068674623,0.1731575788518701
-0.275,0.19824075859710238,0.17349045807969773
-0.27,0.1995642400658343,0.1738782986701531
-0.265,0.2009412537975511,0.17432424926819373
-0.26,0.20237070527316717,0.1748313081404711
-0.255,0.20385132623569094,0.17540229521261394
-0.25,0.20538167473970528,0.17603982677235716
-0.245,0.20696013577822384,0.176746292857343
-0.24,0.2085849224985664,0.1775238372640212
-0.235,0.21025407801674179,0.17837434004914332
-0.23,0.2119654778375535,0.17929940234731045
-0.225,0.2137168328852827,0.18030033329527537
-0.22,0.21550569314733722,0.1813781388339065
-0.215,0.21732945193072084,0.18253351214911487
-0.21,0.21918535072856904,0.1837668255106868
-0.205,0.22107048469132967,0.1850781232700236
-0.2,0.22298180869446724,0.18646711578171302
-0.195,0.22491614399182308,0.18793317401770182
-0.19,0.2268701854410233,0.18947532464530664
-0.185,0.2288405092845623,0.19109224534100153
-0.18,0.2308235814674603,0.19278226011140048
-0.175,0.23281576646968064,0.1945433343926622
-0.17,0.23481333662883264,0.19637306970221047
-0.165,0.23681248192608262,0.19826869762557364
-0.16,0.23880932020567378,0.20022707294035957
-0.155,0.24079990779602278,0.20224466571332023
-0.15,0.24278025049803895,0.20431755225952256
-0.145,0.2447463149041111,0.2064414049287316
-0.14,0.2466940400091453,0.20861148078613004
-0.135,0.24861934907312672,0.21082260938377434
-0.13,0.25051816169293384,0.21306917997501593
-0.125,0.25238640603956514,0.21534512870334677
-0.12,0.2542200312155638,0.21764392649383538
-0.115,0.2560150196862454,0.21995856858081758
-0.11,0.25776739973737106,0.2222815668084015
-0.105,0.2594732579111604,0.22460494602694062
-0.1,0.26112875137201386,0.2269202460635756
-0.095,0.26273012015303265,0.22921853085198982
-0.09,0.2642736992343691,0.23149040634960422
-0.085,0.26575593040463025,0.23372604883479411
-0.08,0.2671733738569928,0.23591524505007172
-0.075,0.26852271947236495,0.23804744543108655
-0.07,0.26980079774284255,0.24011183133214084
-0.065,0.27100459028987706,0.24209739672909314
-0.06,0.27213123993295696,0.2439930443590737
-0.055,0.2731780602662369,0.24578769565958986
-0.05,0.2741425447023962,0.24747041322071542
-0.045,0.2750223749450698,0.2490305337931185
-0.04,0.2758154288534723,0.25045780923710825
-0.035,0.2765197876652932,0.2517425521928526
-0.03,0.2771337425465931,0.25287578273986616
-0.025,0.2776558004402479,0.2538493719337369
-0.02,0.278084689187452,0.25465617789405354
-0.015,0.2784193618999092,0.255290170095946
-0.01,0.2786590005635655,0.2557465377040831
-0.005,0.278803018858072,0.25602177818497707
0.0,0.27885106417959454,0.2561137630293262
0.005,0.2788030188580719,0.2560217781849771
0.01,0.2786590005635655,0.2557465377040831
0.015,0.27841936189990923,0.25529017009594607
0.02,0.27808468918745183,0.2546561778940535
0.025,0.27765580044024807,0.2538493719337368
0.03,0.27713374254659334,0.2528757827398662
0.035,0.27651978766529317,0.2517425521928526
0.04,0.27581542885347243,0.2504578092371083
0.045,0.2750223749450699,0.2490305337931186
0.05,0.27414254470239624,0.24747041322071553
0.055,0.2731780602662369,0.2457876956595898
0.06,0.27213123993295707,0.24399304435907382
0.065,0.27100459028987706,0.24209739672909325
0.07,0.2698007977428427,0.24011183133214078
0.075,0.2685227194723651,0.23804744543108644
0.08,0.26717337385699297,0.23591524505007172
0.085,0.2657559304046302,0.23372604883479406
0.09,0.2642736992343692,0.23149040634960444
0.095,0.26273012015303276,0.22921853085198984
0.1,0.2611287513720138,0.22692024606357566
0.105,0.2594732579111606,0.2246049460269406
0.11,0.25776739973737123,0.22228156680840153
0.115,0.25601501968624546,0.2199585685808177
0.12,0.254220031215564,0.21764392649383535
0.125,0.25238640603956525,0.21534512870334685
0.13,0.2505181616929339,0.21306917997501604
0.135,0.2486193490731269,0.2108226093837744
0.14,0.24669404000914544,0.20861148078613026
0.145,0.24474631490411125,0.20644140492873164
0.15,0.24278025049803909,0.20431755225952272
0.155,0.24079990779602287,0.2022446657133204
0.16,0.23880932020567394,0.20022707294035957
0.165,0.23681248192608279,0.1982686976255737
0.17,0.2348133366288328,0.19637306970221058
0.175,0.23281576646968083,0.19454333439266233
0.18,0.2308235814674605,0.19278226011140048
0.185,0.22884050928456254,0.19109224534100167
0.19,0.2268701854410236,0.18947532464530673
0.195,0.22491614399182328,0.18793317401770182
0.2,0.2229818086944674,0.18646711578171318
0.205,0.22107048469132998,0.18507812327002368
0.21,0.21918535072856923,0.18376682551068685
0.215,0.2173294519307211,0.1825335121491149
0.22,0.2155056931473374,0.1813781388339067
0.225,0.21371683288528293,0.1803003332952754
0.23,0.21196547783755373,0.1792994023473106
0.235,0.210254078016742,0.17837434004914351
0.24,0.2085849224985667,0.17752383726402127
0.245,0.20696013577822403,0.17674629285734303
0.25,0.20538167473970556,0.17603982677235736
0.255,0.2038513262356912,0.17540229521261422
0.26,0.20237070527316742,0.17483130814047124
0.265,0.20094125379755132,0.17432424926819384
0.27,0.19956424006583443,0.17387829867015323
0.275,0.19824075859710263,0.17349045807969773
0.28,0.19697173068674648,0.17315757885187033
0.285,0.19575790546876498,0.17287639247393197
0.29,0.1945998615087729,0.17264354339176108
0.295,0.1934980089086797,0.17245562379533094
0.3,0.1924525919024932,0.17230920987594664
0.305,0.19146369192133306,0.1722008989384837
0.31,0.19053123110451925,0.17212734663148324
0.315,0.18965497623251873,0.17208530345525214
0.32,0.18883454305660563,0.17207164963189045
0.325,0.18806940099929959,0.17208342737960047
0.33,0.18735887819900746,0.17211786963355571
0.335,0.18670216687178876,0.17217242430172713
0.34,0.18609832896280346,0.17224477323838075
0.345,0.18554630205976913,0.17233284525920414
0.35,0.18504490554065678,0.1724348227056292
0.355,0.18459284692787897,0.17254914128397864
0.36,0.18418872842136794,0.17267448314691536
0.365,0.1838310535832009,0.17280976343751922
0.37,0.18351823414679252,0.17295411076622624
0.375,0.1832485969241413,0.173106842323882
0.38,0.1830203907851751,0.17326743453728566
0.385,0.18283179368388408,0.1734354903359191
0.39,0.18268091970665407,0.17361070421187644
0.395,0.18256582611900826,0.1737928263144833
0.4,0.1824845203878236,0.17398162682536603
0.405,0.18243496715700297,0.17417686181082936
0.41,0.18241509515555107,0.17437824165140778
0.415,0.18242280401800745,0.17458540301088826
0.42,0.1824559709982329,0.17479788513820615
0.425,0.182512457558617,0.1750151111056099
0.43,0.1825901158178659,0.17523637438573986
0.435,0.18268679484163966,0.1754608309686475
0.44,0.1828003467614262,0.17568749702601452
0.445,0.1829286327081609,0.17591525195109212
0.45,0.18306952854822486,0.17614284644442868
0.455,0.1832209304105667,0.17636891518062134
0.46,0.18338075999480521,0.17659199348143226
0.465,0.1835469696512548,0.17681053733533025
0.47,0.1837175472248927,0.1770229460411451
0.475,0.18389052065633998,0.17722758671151337
0.48,0.1840639623339542,0.17742281984730754
0.485,0.18423599319213327,0.17760702518472413
0.49,0.18440478655190418,0.1777786270203342
0.495,0.18456857170080876,0.17793611823552302
0.5,0.1847256372100102,0.17807808227095723
0.505,0.18487433398741887,0.1782032123458565
0.51,0.1850130780664749,0.17831032727860643
0.515,0.18514035313103516,0.1783983833476886
0.52,0.1852547127775766,0.17846648173770194
0.525,0.18535478251666773,0.1785138712460075
0.53,0.18543926151635334,0.17853994608102042
0.535,0.18550692409076314,0.17854423876087352
0.54,0.18555662093788047,0.17852640831594246
0.545,0.18558728013099873,0.17848622420288868
0.55,0.1855979078689491,0.17842354654159487
0.555,0.18558758899070843,0.17833830347830168
0.56,0.1855554872604799,0.17823046664645553
0.565,0.18550084542980008,0.178100025829677
0.57,0.1854229850836447,0.1779469640187012
0.575,0.18532130627789897,0.17777123408821335
0.58,0.1851952869759171,0.17757273829528647
0.585,0.18504448229222442,0.17735131171710775
0.59,0.1848685235517148,0.17710671060389577
0.595,0.18466711717296302,0.17683860642887955
0.6,0.18444004338451453,0.17654658617957536
0.605,0.1841871547832201,0.17623015916456408
0.61,0.18390837474386887,0.1758887703207014
0.615,0.1836036956895227,0.17552181971145714
0.62,0.18327317723208145,0.17512868762251363
0.625,0.18291694419270285,0.17470876440001532
0.63,0.18253518451177123,0.17426148395280633
0.635,0.1821281470581464,0.17378635966354514
0.64,0.18169613934743853,0.17328302133300383
0.645,0.1812395251790394,0.1727512517223985
0.65,0.1807587222015945,0.1721910212621207
0.655,0.18025419941653323,0.17160251956025505
0.66,0.17972647462917168,0.17098618246600095
0.665,0.17917611185678203,0.1703427136139935
0.67,0.17860371870286545,0.1696730995856509
0.675,0.17800994370668738,0.16897861806167463
0.68,0.17739547367693126,0.16826083859349683
0.685,0.17676103101809088,0.16752161587870076
0.69,0.1761073710579687,0.16676307567483958
0.695,0.17543527938436512,0.16598759371764082
0.7,0.17474556919874004,0.16519776821510476
0.705,0.17403907869430135,0.16439638666231632
0.71,0.17331666846562638,0.16358638785894777
0.715,0.17257921895655415,0.16277082011054433
0.72,0.17182762795270098,0.16195279665590412
0.725,0.17106280812454666,0.16113544938797592
0.73,0.17028568462661867,0.1603218819279703
0.735,0.16949719275787134,0.15951512307611124
0.74,0.16869827568791043,0.15871808160269507
0.745,0.16788988225325951,0.15793350326527664
0.75,0.1670729648274058,0.15716393084730862
0.755,0.16624847726789418,0.15641166791554553
0.76,0.16541737294326853,0.15567874689253008
0.765,0.16458060284219325,0.154966901940203
0.77,0.16373911376661854,0.1542775470538053
0.775,0.16289384661038847,0.15361175967333487
0.78,0.16204573472424028,0.15297027003330413
0.785,0.16119570236769254,0.15235345638978845
0.79,0.16034466324788907,0.1517613461852199
0.795,0.15949351914504545,0.15119362313389204
0.8,0.15864315862374154,0.15064964013218793
0.805,0.15779445582892185,0.1501284378146672
0.81,0.1569482693651013,0.14962876848831658
0.815,0.15610544125693773,0.14914912508128939
0.82,0.15526679598901427,0.14868777463931315
0.825,0.1544331396223924,0.1482427957940435
0.83,0.15360525898523383,0.14781211951602263
0.835,0.15278392093455956,0.14739357235517542
0.84,0.15196987168601858,0.14698492127001483
0.845,0.15116383620836651,0.14658391906007331
0.85,0.1503665176792219,0.1461883493522403
0.855,0.14957859699856146,0.14579607005826697
0.86,0.14880073235634697,0.1454050542244242
0.865,0.14803355885063424,0.14501342724025032
0.87,0.14727768815251066,0.14461949946420824
0.875,0.1465337082142276,0.14422179345967162
0.88,0.1458021830169524,0.14381906521151017
0.885,0.145083652354643,0.14341031890489528
0.89,0.14437863165066364,0.14299481508408257
0.895,0.14368761180389283,0.1425720722577292
0.9,0.14301105906123893,0.142141862265182
0.905,0.14234941491366,0.14170419995102512
0.91,0.14170309601298964,0.1412593278995945
0.915,0.14107249410709094,0.1408076971453853
0.92,0.14045797599109705,0.14034994489017902
0.925,0.13985988347274747,0.1398868703173953
0.93,0.13927853335008758,0.13941940959637314
0.935,0.13871421740006668,0.13894861111540643
0.94,0.1381672023768401,0.13847561187725652
0.945,0.13763773001885646,0.1380016158423429
0.95,0.13712601706408112,0.1375278748230201
0.955,0.1366322552729782,0.13705567232894753
0.96,0.1361566114591351,0.13658631055100404
0.965,0.1356992275276666,0.13612110046187598
0.97,0.13526022052177974,0.13566135481699682
0.975,0.13483968267810917,0.13520838367017282
0.98,0.13443768149164448,0.13476349188230144
0.985,0.13405425979126875,0.13432797800507323
0.99,0.1336894358271013,0.13390313386788225
0.995,0.133343203370994,0.13349024418613645
1.0,0.13301553183166115,0.13309058554095518
1.005,0.13270636638603212,0.13270542414971256
1.01,0.1324156281285007,0.1323360119479006
1.015,0.1321432142398011,0.13198358062773047
1.02,0.13188899817727687,0.13164933341928914
1.025,0.13165282988831342,0.1313344345471807
1.03,0.13143453604868854,0.131039996441047
1.035,0.13123392032754988,0.13076706491475334
1.04,0.1310507636806619,0.1305166026502451
1.045,0.13088482467347096,0.13028947142368127
1.05,0.1307358398354234,0.13008641359069736
1.055,0.1306035240468363,0.129908033403464
1.06,0.13048757095946178,0.12975477876496072
1.065,0.13038765345171474,0.12962692403704737
1.07,0.13030342411934173,0.12952455451066705
1.075,0.13023451580210413,0.12944755312136333
1.08,0.1301805421468328,0.12939558995364825
1.085,0.13014109820698347,0.12936811502568543
1.09,0.13011576107858994,0.12936435478274996
1.095,0.1301040905722702,0.12938331265485084
1.1,0.13010562992070224,0.12942377395103485
1.105,0.1301199065207401,0.12948431527008186
1.11,0.13014643270910517,0.12956331850424754
1.115,0.1301847065703486,0.12965898939926457
1.12,0.13023421277555527,0.12976938051035314
1.125,0.13029442345004025,0.129892418261757
1.13,0.13036479906807882,0.13002593367870385
1.135,0.13044478937252138,0.1301676962194227
1.14,0.1305338343169607,0.1303154499960801
1.145,0.13063136502796183,0.13046695154363655
1.15,0.1307368047847183,0.13062000818210487
1.155,0.13084957001337705,0.13077251592846448
1.16,0.130969071293172,0.1309224958574134
1.165,0.13109471437142498,0.13106812779229182
1.17,0.13122590118441696,0.1312077802343879
1.175,0.13136203088109732,0.1313400355137057
1.18,0.13150250084658782,0.13146370926758746
1.185,0.1316467077224515,0.13157786352265996
1.19,0.13179404842073247,0.13168181286454628
1.195,0.13194392112882902,0.131775123419848
1.2,0.13209572630234742,0.1318576046348741
1.205,0.1322488676431805,0.13192929410271512
1.21,0.13240275306018037,0.13199043595115748
1.215,0.13255679560993391,0.1320414535456228
1.22,0.13271041441530715,0.13208291747219683
1.225,0.13286303555959764,0.13211550993639384
1.23,0.1330140929543215,0.13213998683681558
1.235,0.13316302917886003,0.1321571388454646
1.24,0.13330929629039898,0.13216775284722437
1.245,0.13345235660280935,0.13217257506159966
1.25,0.1335916834333399,0.1321722770940086
1.255,0.1337267618162166,0.1321674260470646
1.26,0.13385708918246625,0.13215845967061152
1.265,0.1339821760055096,0.13214566734941907
1.27,0.1341015464122832,0.1321291775259685
1.275,0.13421473875986797,0.1321089519389651
1.28,0.13432130617780244,0.13208478683200145
1.285,0.13442081707645862,0.13205632105676188
1.29,0.1345128556220363,0.1320230507667474
1.295,0.13459702217890246,0.13198435017622337
1.3,0.1346729337201547,0.13193949765072913
1.305,0.1347402242074215,0.13188770620619142
1.31,0.13479854494102947,0.13182815732996425
1.315,0.13484756488176447,0.1317600369056656
1.32,0.13488697094552718,0.13168257193101054
1.325,0.13491646827224055,0.13159506666978915
1.33,0.13493578047039595,0.1314969368802881
1.335,0.1349446498386374,0.13138774081551227
1.34,0.13494283756576714,0.13126720579582127
1.345,0.13493012391052545,0.13113524930954853
1.35,0.1349063083624373,0.13099199379635218
1.355,0.1348712097849453,0.13083777450316925
1.36,0.13482466654194644,0.13067314006300745
1.365,0.13476653660874024,0.13049884571998951
1.37,0.13469669766825657,0.13031583939682756
1.375,0.13461504719328632,0.13012524106015635
1.38,0.13452150251527345,0.12992831607298413
1.385,0.13441600088005046,0.1297264434220193
1.39,0.13429849949071532,0.12952107986357303
1.395,0.13416897553765428,0.1293137211409369
1.4,0.1340274262155157,0.12910586148750094
1.405,0.13387386872673757,0.12889895264517476
1.41,0.13370834027103173,0.12869436360105352
1.415,0.1335308980200251,0.12849334218257674
1.42,0.13334161907606334,0.12829697955948938
1.425,0.13314060041399595,0.12810617858678486
1.43,0.1329279588045812,0.1279216267931239
1.435,0.13270383071798472,0.127743774679692
1.44,0.13246837220569566,0.12757281984955104
1.445,0.13222175875904704,0.1274086973403664
1.45,0.1319641851424172,0.1272510763857713
1.455,0.13169586519909138,0.12709936368335722
1.46,0.13141703162769727,0.12695271310046746
1.465,0.1311279357270799,0.1268100416025299
1.47,0.1308288471074645,0.12667005104276602
1.475,0.1305200533657673,0.12653125530762308
1.48,0.13020185972294757,0.12639201217114557
1.485,0.12987458862136744,0.12625055907693422
1.49,0.12953857928021795,0.1261050519429013
1.495,0.12919418720720158,0.12595360597743327
1.5,0.12884178366481583,0.12579433741237792
1.505,0.12848175508977008,0.12562540500532157
1.51,0.1281145024642828,0.12544505014736562
1.515,0.12774044063825063,0.12525163443836274
1.52,0.12735999760154726,0.12504367366274566
1.525,0.12697361370600813,0.12481986721655448
1.53,0.12658174083696877,0.12457912219790322
1.535,0.12618484153456766,0.12432057157358702
1.54,0.1257833880653759,0.12404358606537703
1.545,0.12537786144529045,0.12374777964967
1.55,0.12496875041500904,0.12343300882050609
1.555,0.12455655036980309,0.12309936601448504
1.56,0.12414176224570012,0.12274716782282796
1.565,0.12372489136459582,0.12237693880794209
1.57,0.12330644624121528,0.12198939188869415
1.575,0.12288693735524492,0.12158540635248653
1.58,0.12246687589234646,0.12116600458890976
1.585,0.12204677245814621,0.12073232861866903
1.59,0.12162713576965778,0.12028561741569227
1.595,0.12120847132894376,0.11982718589611094
1.6,0.12079128008414722,0.11935840628413072
1.605,0.12037605708332319,0.11888069237261208
1.61,0.1199632901267717,0.11839548698755825
1.615,0.11955345842381238,0.11790425275315218
1.62,0.11914703126014513,0.11740846604956835
1.625,0.11874446668210882,0.11690961387052198
1.63,0.11834621020427435,0.11640919313073093
1.635,0.11795269354689562,0.1159087118523613
1.64,0.1175643334097806,0.11540969157884075
1.645,0.11718153028913977,0.11491367032626408
1.65,0.11680466734391819,0.11442220538645018
1.655,0.11643410931801657,0.1139368753384864
1.66,0.11607020152466062,0.11345928070209929
1.665,0.115713268898981,0.11299104276942949
1.67,0.1153636151246234,0.11253380027361495
1.675,0.115021521839917,0.11208920368428522
1.68,0.11468724792879484,0.11165890705304211
1.685,0.11436102890127557,0.11124455745836101
1.69,0.11404307636789544,0.11084778221244627
1.695,0.11373357761201422,0.11047017408741214
1.7,0.11343269526341712,0.1101132748915671
1.705,0.11314056707609976,0.10977855777731109
1.71,0.11285730581255532,0.10946740869074066
1.715,0.11258299923628738,0.10918110738155304
1.72,0.11231771021365555,0.10892080838348635
1.725,0.11206147692551982,0.1086875223543089
1.73,0.11181431318849866,0.10848209813459875
1.735,0.11157620888499008,0.10830520585046975
1.74,0.11134713050043664,0.10815732135083898
1.745,0.11112702176564311,0.10803871223791746
1.75,0.11091580440128933,0.10794942572262406
1.755,0.11071337896112254,0.1078892785158489
1.76,0.11051962576966966,0.10785784895223441
1.765,0.11033440594968359,0.10785447153472026
1.77,0.11015756253393712,0.10787823408398599
1.775,0.1099889216554034,0.10792797767484713
1.78,0.10982829380932235,0.10800229953879284
1.785,0.10967547518014843,0.10809955910499933
1.79,0.10953024902591363,0.10821788733798617
1.795,0.10939238711212271,0.10835519950537621
1.8,0.10926165118693026,0.10850921147113164
1.805,0.10913779448903269,0.1086774595559678
1.81,0.10902056327944709,0.1088573239361274
1.815,0.10890969838814614,0.10904605546424792
1.82,0.10880493676637186,0.1092408056930127
1.825,0.10870601303536907,0.10943865976652649
1.83,0.10861266102225622,0.10963667172042074
1.835,0.10852461527379306,0.1098319016056158
1.84,0.10844161253890754,0.11002145372983585
1.845,0.1083633932110116,0.1102025152036681
1.85,0.10828970272136274,0.11037239389288929
1.855,0.10822029287501664,0.11052855482432491
1.86,0.10815492312126518,0.11066865407602282
1.865,0.10809336175085532,0.11079056920953254
1.87,0.10803538701274613,0.11089242537561457
1.875,0.10798078814366671,0.11097261634472136
1.88,0.10792936630429739,0.11102981987671551
1.885,0.107880935416495,0.11106300704377656
1.89,0.10783532289662387,0.11107144534651323
1.895,0.10779237028072913,0.11105469570373193
1.9,0.10775193373799438,0.11101260363737711
1.905,0.10771388446965569,0.11094528520162567
1.91,0.10767810899129569,0.11085310840537747
1.915,0.10764450929720633,0.11073667103855192
1.92,0.10761300290628295,0.11059677592535289
1.925,0.1075835227896924,0.11043440468597457
1.93,0.10755601718133134,0.11025069108965913
1.935,0.10753044927286254,0.11004689502785459
1.94,0.1075067967958699,0.10982437803117319
1.945,0.10748505149441158,0.10958458110559721
1.95,0.10746521849196244,0.1093290054819358
1.955,0.10744731555742183,0.10905919666946316
1.96,0.10743137227551262,0.10877673199228055
1.965,0.10741742912750847,0.10848321157752715
1.97,0.10740553648879587,0.10818025256962874
1.975,0.10739575355029948,0.10786948617442856
1.98,0.10738814717127027,0.10755255699947396
1.985,0.10738279067135478,0.10723112405780108
1.99,0.107379762570225,0.10690686274556302
1.995,0.10737914528335207,0.10658146708943102
2.0,0.10738102378274868,0.10625665158592575
2.005,0.10738548423168555,0.10593415201741775
2.01,0.10739261260250642,0.10561572472222285
2.015,0.10740249328671841,0.10530314391131283
2.02,0.10741520770652681,0.10499819675312018
2.025,0.10743083293691193,0.10470267608199985
2.03,0.10744944034721308,0.10441837071684254
2.035,0.1074710942709899,0.10414705349682317
2.04,0.10749585071268211,0.10389046724553877
2.045,0.10752375609928189,0.10365030895879557
2.05,0.10755484608487156,0.10342821257294034
2.055,0.10758914441547315,0.10322573070962618
2.06,0.1076266618611989,0.10304431581065553
2.065,0.10766739522219627,0.10288530107580855
2.07,0.10771132641434539,0.10274988160102484
2.075,0.10775842164009937,0.10263909608819334
2.08,0.10780863064926016,0.10255380946543384
2.085,0.1078618860938627,0.1024946967221888
2.09,0.1079181029807009,0.10246222823016309
2.095,0.10797717822437479,0.1024566567918476
2.1,0.10803899030307797,0.10247800663477787
2.105,0.10810339901867853,0.10252606455257754
2.11,0.10817024536198279,0.10260037338297066
2.115,0.10823935148341601,0.10270022800717801
2.12,0.10831052076870755,0.10282467405248129
2.125,0.10838353801853955,0.10297250947765921
2.13,0.10845816973051053,0.10314228921641197
2.135,0.10853416448118154,0.10333233304350599
2.14,0.10861125340541863,0.10354073680887985
2.145,0.10868915076972442,0.10376538715330803
2.15,0.10876755463576493,0.10400397977288312
2.155,0.10884614760985284,0.10425404123682921
2.16,0.10892459767374212,0.1045129542833367
2.165,0.10900255909172823,0.10477798642187441
2.17,0.10907967338873206,0.10504632155995113
2.175,0.1091555703937768,0.10531509425133258
2.18,0.1092298693430443,0.10558142603663656
2.185,0.10930218003652584,0.10584246322283543
2.19,0.10937210404215447,0.10609541533341749
2.195,0.10943923594122952,0.10633759336439245
2.2,0.10950316460891173,0.10656644691157809
2.205,0.10956347452358214,0.1067795991996103
2.21,0.10961974709891503,0.10697487904932486
2.215,0.10967156203261474,0.10715034887182492
2.22,0.10971849866590598,0.10730432787609372
2.225,0.10976013734804095,0.10743540982061217
2.23,0.1097960608002972,0.10754247482288186
2.235,0.10982585547417803,0.10762469495558483
2.24,0.1098491128987953,0.10768153359314994
2.245,0.10986543101270174,0.1077127387145797
2.25,0.10987441547575054,0.1077183306033894
2.255,0.1098756809568838,0.10769858459939566
2.26,0.10986885239408706,0.10765400973707277
2.265,0.10985356622309092,0.10758532424068463
2.27,0.10982947157174855,0.10749342892981015
2.275,0.10979623141736303,0.10737937961611956
2.28,0.1097535237045834,0.10724435954293635
2.285,0.10970104242182084,0.10708965283644344
2.29,0.10963849863446215,0.10691661980778619
2.295,0.10956562147346434,0.1067266747778648
2.3,0.10948215907820776,0.10652126690229399
2.305,0.10938787949275382,0.1063018642649652
2.31,0.10928257151490268,0.10606994129733804
2.315,0.10916604549766809,0.10582696937904698
2.32,0.10903813410298248,0.10557441029454656
2.325,0.1088986930076133,0.10531371206956594
2.33,0.10874760156140781,0.10504630659717604
2.335,0.10858476339809325,0.10477360839090938
2.34,0.10841010699893397,0.10449701377360895
2.345,0.10822358620959556,0.10421789982487357
2.35,0.10802518071058076,0.10393762246400216
2.355,0.10781489644159073,0.10365751313393215
2.36,0.10759276598012266,0.10337887366782139
2.365,0.1073588488745493,0.10310296905548139
2.37,0.10711323193183245,0.10283101797313447
2.375,0.10685602945990945,0.10256418108834264
2.38,0.106587383464657,0.10230354729452146
2.385,0.10630746380118548,0.10205011815946338
2.39,0.10601646827905245,0.10180479098453302
2.395,0.10571462272080688,0.1015683409621347
2.4,0.10540218097309255,0.1013414029868844
2.405,0.10507942486935166,0.10112445372038115
2.41,0.10474666414298171,0.10091779453158553
2.415,0.10440423628961275,0.10072153593647706
2.42,0.10405250637699608,0.10053558414428702
2.425,0.10369186680082726,0.10035963028567674
2.43,0.10332273698467258,0.10019314285300392
2.435,0.10294556302203343,0.10003536382605616
2.44,0.10256081725846837,0.09988530888946058
2.445,0.10216899781160076,0.09974177207092144
2.45,0.10177062802677861,0.09960333504247403
2.455,0.10136625586611682,0.09946838122977383
2.46,0.10095645322865134,0.09933511476675182
2.465,0.10054181519936826,0.09920158421479282
2.47,0.10012295922493622,0.0990657108376737
2.475,0.09970052421407956,0.09892532108756967
2.48,0.09927516956067065,0.09877818281651247
2.485,0.09884757408780524,0.09862204458614304
2.49,0.09841843491134547,0.09845467731216438
2.495,0.09798846622167781,0.09827391735543797
2.5,0.09755839798273212,0.09807771006678043
2.505,0.09712897454764644,0.09786415271501969
2.51,0.09670095319083559,0.09763153568508846
2.515,0.09627510255662963,0.09737838083096892
2.52,0.09585220102508897,0.0971034759113313
2.525,0.09543303499607159,0.09680590412531707
2.53,0.09501839709312641,0.09648506790071763
2.535,0.0946090842893052,0.09614070626222058
2.54,0.09420589595752599,0.09577290531584012
2.545,0.09380963184867722,0.09538210161693077
2.55,0.09342109000121962,0.09496907843124558
2.555,0.09304106458661893,0.09453495513836349
2.56,0.09267034369552107,0.09408117025158566
2.565,0.09230970707015955,0.09360945872635927
2.57,0.09195992378905679,0.09312182439073118
2.575,0.09162174991064088,0.09262050844931549
2.58,0.09129592608294582,0.09210795508297943
2.585,0.09098317512708709,0.09158677518934978
2.59,0.09068419960270513,0.09105970928680765
2.595,0.09039967936403868,0.09052959054193174
2.6,0.09013026911572676,0.08999930878440665
2.605,0.08987659597783496,0.08947177625246346
2.61,0.08963925706995758,0.08894989567471302
2.615,0.08941881712455578,0.08843653114929495
2.62,0.08921580613995084,0.08793448213639558
2.625,0.089030717083598,0.08744646074202186
2.63,0.08886400365641688,0.08697507234467898
2.635,0.08871607812904551,0.08652279950602568
2.64,0.08858730926091743,0.08609198901394231
2.645,0.08847802031302948,0.08568484183269873
2.65,0.08838848716517496,0.0853034056798858
2.655,0.08831893654825672,0.0849495699124499
2.66,0.08826954440207366,0.0846250623828854
2.665,0.08824043436868398,0.08433144791936341
2.67,0.08823167643109872,0.0840701280880892
2.675,0.08824328570664319,0.0838423419102752
2.68,0.08827522140384696,0.08364916722769053
2.685,0.08832738595118764,0.08349152243793838
2.69,0.0883996243054178,0.08337016835180999
2.695,0.08849172344655742,0.08328570995896663
2.7,0.08860341206593088,0.08323859792379945
2.705,0.08873436045288023,0.08322912966987596
2.71,0.08888418058499102,0.08325744994841522
2.715,0.08905242642583168,0.08332355082344231
2.72,0.08923859443333869,0.08342727104351821
2.725,0.08944212428107391,0.08356829480717122
2.73,0.08966239979365359,0.08374614996635944
2.735,0.08989875009669522,0.08396020574944223
2.74,0.09015045098066193,0.0842096701221242
2.745,0.0904167264770032,0.08449358694142817
2.75,0.09069675064400737,0.08481083309353424
2.755,0.09098964955879317,0.08516011584065133
2.76,0.09129450351088877,0.08553997063406253
2.765,0.09161034939187467,0.08594875967891143
2.77,0.09193618327461235,0.0863846715596931
2.775,0.09227096317464681,0.0868457222520182
2.78,0.09261361198546171,0.0873297578540407
2.785,0.09296302057839062,0.08783445936784351
2.79,0.0933180510571447,0.08835734984488604
2.795,0.09367754015611764,0.08889580417830206
2.8,0.09404030277087069,0.08944706177667239
2.805,0.09440513560849534,0.09000824228774203
2.81,0.0947708209448931,0.09057636445604861
2.815,0.0951361304754158,0.09114836809628196
2.82,0.0954998292447675,0.09172113904637677
2.825,0.09586067964159214,0.09229153683425168
2.83,0.0962174454427574,0.09285642465464514
2.835,0.09656889589199802,0.09341270111399598
2.84,0.09691380979730319,0.09395733306933654
2.845,0.09725097963122296,0.09448738877013806
2.85,0.09757921561813171,0.09500007041872008
2.855,0.09789734979241774,0.09549274520363926
2.86,0.09820424001157456,0.09596297383876047
2.865,0.09849877390824419,0.09640853566401371
2.87,0.09877987276541116,0.09682744943516029
2.875,0.09904649529916287,0.09721798904919794
2.88,0.09929764133371977,0.09757869361593342
2.885,0.0995323553537922,0.097908371488018
2.89,0.09974972991974375,0.09820609809158923
2.895,0.09994890893152351,0.09847120764541462
2.9,0.1001290907278785,0.09870327910434837
2.905,0.10028953100796156,0.09890211689877541
2.91,0.10042954556311368,0.0990677272519059
2.915,0.10054851280731375,0.09920029102935335
2.92,0.10064587609555582,0.09930013420097723
2.925,0.10072114582022483,0.0993676970672958
2.93,0.10077390127639707,0.09940350341921791
2.935,0.10080379228788662,0.09940813076133222
2.94,0.10081054058678789,0.09938218263977608
2.945,0.10079394094022535,0.09932626398289598
2.95,0.10075386201901049,0.09924096019577107
2.955,0.10069024700391546,0.09912682055890436
2.96,0.1006031139263052,0.09898434627829471
2.965,0.10049255574091132,0.09881398332985934
2.97,0.10035874012958865,0.09861612004610226
2.975,0.10020190903595312,0.09839108921593548
2.98,0.10002237793186378,0.09813917431670359
2.985,0.09982053481776942,0.09786061937563724
2.99,0.09959683895999474,0.09755564186877502
2.995,0.09935181936907952,0.09722444800919999
3.0,0.0990860730243134,0.09686724975152548
3.005,0.09880026285061283,0.0964842828425116
3.01,0.0984951154548727,0.09607582527379754
3.015,0.09817141862987923,0.09564221553660512
3.02,0.09783001863479848,0.09518387013435317
3.025,0.0974718172621443,0.0947012998722909
3.03,0.09709776870198315,0.09419512450923315
3.035,0.09670887621494602,0.09366608542215944
3.04,0.09630618862638349,0.09311505599801895
3.045,0.09589079665472058,0.09254304952800706
3.05,0.09546382908773816,0.09195122443829708
3.055,0.09502644882112307,0.09134088674879925
3.06,0.09457984877419029,0.09071348970927684
3.065,0.09412524769818366,0.09007063062110496
3.07,0.09366388589300505,0.08941404491356021
3.075,0.09319702084860189,0.08874559760536244
3.08,0.09272592282756206,0.08806727234392087
3.085,0.09225187040571627,0.08738115827420462
3.09,0.091776145987736,0.0866894350435951
3.095,0.09130003131483314,0.0859943562954695
3.1,0.09082480298171906,0.08529823203971923
3.105,0.09035172797996334,0.08460341031052883
3.11,0.08988205928480712,0.08391225852893716
3.115,0.08941703150233056,0.08322714497935972
3.12,0.08895785659365071,0.08255042078582765
3.125,0.08850571969253546,0.08188440273664291
3.13,0.08806177503246065,0.08123135725775686
3.135,0.08762714199871326,0.08059348577833916
3.14,0.08720290132065361,0.07997291166993983
3.145,0.08679009141869921,0.07937166887662384
3.15,0.08638970491997643,0.07879169229054467
3.155,0.0860026853559164,0.07823480986829166
3.16,0.08562992405434026,0.07770273643013322
3.165,0.08527225723779563,0.07719706903852994
3.17,0.08493046333907191,0.07671928381493728
3.175,0.08460526054393905,0.0762707340253346
3.18,0.084297304570227,0.07585264924498662
3.185,0.08400718669139513,0.0754661354011732
3.19,0.08373543201173501,0.07511217548823648
3.195,0.08348249799931202,0.07479163075135911
3.2,0.08324877328168374,0.07450524214298038
3.205,0.08303457670834195,0.07425363186769171
3.21,0.08284015668271293,0.07403730484688582
3.215,0.08266569076542539,0.0738566499525618
3.22,0.0825112855494186,0.07371194087983639
3.225,0.08237697680632086,0.07360333654936548
3.23,0.08226272990238868,0.07353088095367853
3.235,0.08216844048115796,0.07349450238514842
3.24,0.08209393540883353,0.07349401200786064
3.245,0.08203897397733226,0.07352910176100169
3.25,0.0820032493588025,0.07359934160760975
3.255,0.0819863903043795,0.07370417616970798
3.26,0.08198796307890067,0.07384292081903404
3.265,0.08200747362230587,0.07401475732181585
3.27,0.08204436992748886,0.07421872916623565
3.275,0.08209804462345405,0.07445373673216285
3.28,0.08216783775176624,0.07471853249401703
3.285,0.08225303972347349,0.0750117164786309
3.29,0.08235289444292962,0.0753317322298397
3.295,0.08246660258425313,0.07567686355907507
3.3,0.08259332500553426,0.07604523238503724
3.305,0.08273218628534566,0.07643479798383272
3.31,0.08288227836562731,0.07684335798181317
3.315,0.08304266428460569,0.07726855142457963
3.32,0.08321238198307272,0.07770786424498155
3.325,0.08339044816709444,0.07815863742827403
3.33,0.08357586221004219,0.07861807813196646
3.335,0.0837676100767444,0.07908327395984156
3.34,0.08396466825254228,0.07955121051337956
3.345,0.08416600766010018,0.08001879224958985
3.35,0.08437059754697086,0.08048286656340009
3.355,0.08457740932714512,0.08094025088804013
3.36,0.08478542036012535,0.08138776247250927
3.365,0.08499361765144996,0.08182225035694421
3.37,0.08520100145906037,0.08224062893154843
3.375,0.08540658879044095,0.0826399123407756
3.38,0.08560941677607158,0.08301724889031248
3.385,0.08580854590541098,0.08336995453867334
3.39,0.08600306311237242,0.08369554451572456
3.395,0.08619208469805638,0.08399176211350483
3.4,0.08637475907936701,0.08425660374435436
3.405,0.08655026935305038,0.08448833945879969
3.41,0.08671783566565526,0.08468552825880224
3.415,0.08687671738091855,0.08484702772539988
3.42,0.08702621503711865,0.08497199769479087
3.425,0.0871656720880119,0.08505989795214275
3.43,0.08729447642206481,0.08511048015456148
3.435,0.08741206165581362,0.08512377442948714
3.44,0.0875179081983148,0.08510007130823934
3.445,0.08761154408479073,0.08503989983372208
3.45,0.08769254557871885,0.08494400281589265
3.455,0.08776053754275032,0.08481331029098259
3.46,0.08781519357997535,0.08464891226665332
3.465,0.08785623594816529,0.08445203180497483
3.47,0.0878834352507138,0.08422399941163944
3.475,0.08789660990906538,0.08396622956965138
3.48,0.08789562542245061,0.08368020008798546
3.485,0.08788039342174277,0.08336743474137696
3.49,0.08785087052520088,0.08302948946857802
3.495,0.0878070570047676,0.0826679421854755
3.5,0.08774899527244039,0.08228438606831044
3.505,0.0876767681970288,0.08188042598163199
3.51,0.08759049726234333,0.08145767757458197
3.515,0.08749034057852997,0.08101776845449728
3.52,0.08737649075886712,0.08056234077300531
3.525,0.08724917267487169,0.08009305452850132
3.53,0.087108641103022,0.07961159089923092
3.535,0.08695517827678897,0.07911965496977043
3.54,0.08678909135797666,0.07861897729498235
3.545,0.08661070984160604,0.07811131385230165
3.55,0.08642038290873098,0.07759844405716453
3.555,0.08621847674165296,0.0770821666487153
3.56,0.08600537181600254,0.07656429338500066
3.565,0.08578146018407878,0.0760466406108358
3.57,0.08554714276368842,0.07553101887085624
3.575,0.08530282664650068,0.07501922083005695
3.58,0.0850489224396391,0.07451300783135094
3.585,0.08478584165386463,0.07401409546321902
3.59,0.08451399415127527,0.07352413853101988
3.595,0.08423378566494935,0.0730447158251136
3.6,0.08394561540240793,0.07257731506091596
3.605,0.08364987374415793,0.07212331833434804
3.61,0.08334694004791719,0.0716839883952174
3.615,0.08303718056840968,0.07126045599512185
3.62,0.08272094650186652,0.07085370851940302
3.625,0.08239857216357509,0.07046458006774296
3.63,0.08207037330599191,0.07009374310768134
3.635,0.08173664558408103,0.06974170179124387
3.64,0.08139766317365954,0.06940878699777664
3.645,0.08105367754763601,0.06909515314591659
3.65,0.08070491641411659,0.06880077680363601
3.655,0.08035158281943568,0.06852545711612934
3.66,0.07999385441824715,0.06826881806518673
3.665,0.07963188291189309,0.0680303125685704
3.67,0.0792657936553554,0.06780922842161673
3.675,0.07889568543219827,0.06760469607373581
3.68,0.07852163039602546,0.06741569821779915
3.685,0.07814367417611828,0.06724108114911806
3.69,0.07776183614408438,0.06707956782188465
3.695,0.07737610983754568,0.06692977249431509
3.7,0.07698646353612336,0.06679021680983187
3.705,0.07659284098424678,0.06665934711182538
3.71,0.07619516225462347,0.0665355527360961
3.715,0.0757933247455627,0.06641718497104826
3.72,0.07538720430474612,0.0663025763248131
3.725,0.07497665647149215,0.06619005969491401
3.73,0.07456151782906385,0.06607798700418875
3.735,0.07414160745812866,0.06596474685061092
3.74,0.07371672848209158,0.06584878072196199
3.745,0.07328666969469258,0.06572859735156819
3.75,0.072851207259986,0.06560278483976875
3.755,0.07241010647460602,0.06547002023704732
3.76,0.0719631235820621,0.06532907637671005
3.765,0.07151000762871096,0.06517882585376736
3.77,0.07105050235100775,0.06501824216683702
3.775,0.0705843480836519,0.0648463981647754
3.78,0.07011128367831312,0.06466246206192829
3.785,0.06963104842274362,0.06446569139773592
3.79,0.0691433839502569,0.06425542541066115
3.795,0.06864803612977675,0.06403107636671135
3.8,0.06814475692693206,0.06379212042429927
3.805,0.06763330622698768,0.0635380886267367
3.81,0.0671134536107624,0.0632685585902111
3.815,0.06658498007508032,0.06298314739968072
3.82,0.0660476796897401,0.06268150614078398
3.825,0.06550136118345144,0.062363316387441595
3.83,0.06494584945168881,0.06202828883867127
3.835,0.06438098697993512,0.06167616416165822
3.84,0.06380663517633843,0.06130671595938414
3.845,0.06322267560837082,0.06091975564831271
3.85,0.06262901113866369,0.06051513891261565
3.855,0.062025566955789875,0.060092773303229784
3.86,0.0614122914963697,0.05965262647842812
3.865,0.06078915725548885,0.0591947345416872
3.87,0.0601561614830302,0.058719209924639415
3.875,0.059513326764133595,0.0582262482879058
3.88,0.05886070148260711,0.057716133968593555
3.885,0.05819836016671224,0.05718924358617732
3.89,0.05752640371733611,0.05664604752262915
3.895,0.056844959519140356,0.056087109110964074
3.9,0.05615418143583459,0.0555130814910116
3.905,0.05545424969126598,0.054924702214205805
3.91,0.05474537063853322,0.054322785792910666
3.915,0.05402777641983139,0.05370821448763645
3.92,0.05330172452020264,0.05308192770222085
3.925,0.0525674972188125,0.05244491040913288
3.93,0.051825400941783735,0.051798181052842056
3.935,0.05107576552100386,0.051142779378872204
3.94,0.05031894336367282,0.05047975461159327
3.945,0.04955530853767785,0.049810154358281
3.95,0.04878525577816567,0.049135014554820305
3.955,0.04800919942093458,0.048455350694643656
3.96,0.04722757226848418,0.04777215050233257
3.965,0.046440824394744104,0.04708636813193516
3.97,0.04564942189464803,0.04639891989219701
3.975,0.04485384558483391,0.04571068143065758
3.98,0.04405458966182775,0.04502248624915224
3.985,0.04325216032411616,0.04433512537697317
3.99,0.04244707436452242,0.04364934799605631
3.995,0.04163985773928375,0.0429658627953943
4.0,0.040831044120174846,0.04228533982882545
4.005,0.04002117343594584,0.04160841266004213
4.01,0.03921079040923191,0.040935680599084236
4.015,0.038400443094958665,0.040267710863286274
4.02,0.03759068142610647,0.03960504052992581
4.025,0.03678205577251273,0.03894817818493102
4.03,0.035975115518186565,0.03829760520933913
4.035,0.035170407662380596,0.03765377668044726
4.04,0.03436847544942526,0.03701712189589599
4.045,0.03356985703206483,0.03638804455488804
4.05,0.03277508417276087,0.035766922650558024
4.055,0.03198468098713996,0.03515410814085943
4.06,0.031199162733462155,0.03454992647240084
4.065,0.030419034651678323,0.0339546760330041
4.07,0.029644790855329603,0.033368627605224487
4.075,0.028876913279217924,0.032792023885693446
4.08,0.028115870685457237,0.03222507912502739
4.085,0.027362117730183554,0.03166797893126471
4.09,0.026616094092878816,0.031120880267349056
4.095,0.025878223669937788,0.03058391166091047
4.1,0.025148913833786105,0.030057173633179887
4.105,0.024428554758540492,0.029540739343793764
4.11,0.02371751881289311,0.029034655439811024
4.115,0.023016160020595505,0.028538943090616723
4.12,0.02232481358862863,0.02805359918554516
4.125,0.021643795502855907,0.027578597667912645
4.13,0.020973402190685927,0.027113890977549137
4.135,0.020313910250008813,0.02665941157363455
4.14,0.01966557624342153,0.026215073510442492
4.145,0.019028636556522264,0.025780774040228795
4.15,0.01840330731883267,0.025356395219743325
4.155,0.017789784385701158,0.02494180549948223
4.16,0.01718824337934668,0.024536861277651027
4.165,0.01659883978703077,0.02414140840373238
4.17,0.01602170911418138,0.023755283619416933
4.175,0.015456967090150618,0.02337831592738211
4.18,0.014904709924159204,0.023010327880920244
4.185,0.01436501460886868,0.02265113678968856
4.19,0.013837939268925825,0.02230055583885389
4.195,0.01332352355174378,0.021958395120631285
4.2,0.012821789057717197,0.02162446257866851
4.205,0.01233273980702185,0.021298564866927557
4.21,0.011856362740110404,0.020980508125671034
4.215,0.01139262824899686,0.020670098677905417
4.22,0.010941490736413999,0.020367143650185007
4.225,0.010502889199934043,0.020071451522065697
4.23,0.010076747838160911,0.019782832608741703
4.235,0.009662976676133262,0.0195010994815226
4.24,0.0092614722071174,0.01922606733083333
4.245,0.008872118048023837,0.018957554276368443
4.25,0.008494785605740587,0.018695381628914952
4.255,0.008129334751748832,0.018439374108195836
4.26,0.00777561450246542,0.01818936002088844
4.265,0.007433463702843662,0.017945171402749153
4.27,0.007102711710857622,0.017706644128538264
4.275,0.006783179080594786,0.017473617993192487
4.28,0.0064746782417875,0.017245936767444636
4.285,0.0061770141737219324,0.017023448230842734
4.29,0.005889985071578735,0.01680600418488192
4.295,0.005613383003373961,0.01659346044872938
4.3,0.005346994555788997,0.016385676839801907
4.305,0.005090601467298185,0.016182517141245824
4.31,0.004843981247124626,0.01598384905817245
4.315,0.004606907778676488,0.015789544164317926
4.32,0.004379151906238245,0.015599477840626107
4.325,0.0041604820038114755,0.015413529207094635
4.33,0.003950664525121041,0.015231581049080435
4.335,0.0037494645339189872,0.015053519739126806
4.34,0.003556646213835143,0.014879235155253774
4.345,0.003371973357136103,0.014708620596542646
4.35,0.0031952098318644225,0.014541572696745964
4.355,0.0030261200269362455,0.01437799133656339
4.36,0.002864469274878787,0.014217779555142767
4.365,0.0027100242519871556,0.01406084346129182
4.37,0.0025625533557756715,0.01390709214482103
4.375,0.0024218270596878012,0.013756437588378457
4.38,0.002287618245114904,0.013608794580085482
4.385,0.0021597025108543574,0.013464080627235236
4.39,0.0020378584602133874,0.013322215871274232
4.395,0.0019218679660355901,0.013183123004250723
4.4,0.0018115164139928326,0.013046727186880847
4.405,0.001706592924545908,0.012912955968355039
4.41,0.0016068905540325006,0.01278173920798144
4.415,0.0015122064753921901,0.012653008998741845
4.42,0.0014223421390830969,0.012526699592815388
4.425,0.0013371034147858388,0.012402747329108971
4.43,0.0012563007145261849,0.012281090562818479
4.435,0.0011797490978789653,0.012161669597032321
4.44,0.001107268359942433,0.012044426616377845
4.445,0.00103868310279455,0.01192930562270201
4.45,0.0009738227911603829,0.011816252372769257
4.455,0.0009125217930341495,0.011705214317953622
4.46,0.0008546194060090125,0.011596140545895655
4.465,0.0007999598700743006,0.011488981724090524
4.47,0.0007483923676425681,0.011383690045369675
4.475,0.0006997710115684339,0.011280219175235267
4.48,0.0006539548219175571,0.011178524201004245
4.485,0.0006108076922377167,0.01107856158271694
4.49,0.000570198346074668,0.010980289105763492
4.495,0.0005320002844641626,0.010883665835180871
4.5,0.0004960917251173898,0.01078865207157212
4.505,0.0004623555340014179,0.010695209308599468
4.51,0.0004306791499984401,0.010603300192002823
4.515,0.00040095450330829817,0.010512888480095336
4.52,0.0003730779282379727,0.010423939005688216
4.525,0.00034695007099969446,0.010336417639397412
4.53,0.0003224757931162473,0.01025029125428566
4.535,0.0002995640710079543,0.010165527691793892
4.54,0.00027812789231127205,0.01008209572891743
4.545,0.00025808414945347754,0.009999965046582866
4.55,0.00023935353098234185,0.009919106199182834
4.555,0.00022186041112369406,0.009839490585227036
4.56,0.00020553273801370638,0.009761090419068818
4.565,0.00019030192102664068,0.00968387870366788
4.57,0.000176102717592853,0.009607829204350956
4.575,0.00016287311987605324,0.0095329164235331
4.58,0.0001505542416535036,0.009459115576364006
4.585,0.0001390902057177468,0.009386402567264335
4.59,0.00012842803209402458,0.009314753967318592
4.595,0.0001185175273436116,0.009244146992492092
4.6,0.00010931117520002247,0.009174559482640673
4.605,0.00010076402876247734,0.009105969881282974
4.61,9.283360444920557e-5,0.009038357216106194
4.615,8.54797778921115e-5,0.008971701080177119
4.62,7.866468193418899e-5,0.0089059816138316
4.625,7.235260687168531e-5,0.008841179487216305
4.63,6.650990306459997e-5,0.008777275883457742
4.635,6.110488602154211e-5,0.00871425248243447
4.64,5.610774404833398e-5,0.008652091445129287
4.645,5.149044853402263e-5,0.008590775398539167
4.65,4.722666693315356e-5,0.008530287421121425
4.655,4.329167848926966e-5,0.008470611028755667
4.66,3.966229273158799e-5,0.00841173016120151
4.665,3.6316770764733636e-5,0.008353629169033318
4.67,3.323474936015489e-5,0.008296292801033521
4.675,3.039716784749018e-5,0.008239706192026996
4.68,2.7786197794617017e-5,0.008183854851139732
4.685,2.5385175456388654e-5,0.00812872465046552
4.69,2.317853696412455e-5,0.008074301814125152
4.695,2.1151756220739418e-5,0.0080205729077033
4.7,1.929128545993223e-5,0.007967524828048557
4.705,1.75844984221106e-5,0.007915144793423111
4.71,1.601963609461698e-5,0.007863420333988689
4.715,1.4585754959370671e-5,0.007812339282616158
4.72,1.327267768717377e-5,0.007761889766006637
4.725,1.2070946214634722e-5,0.0077120601961123735
4.73,1.0971777136901193e-5,0.0076628392618462
4.735,9.967019347134412e-6,0.007614215921068869
4.74,9.04911385186043e-6,0.00756617939284377
4.745,8.211055689983491e-6,0.007518719149949257
4.75,7.4463578822875676e-6,0.007471824911638989
4.755,6.749017337677127e-6,0.00742548663664113
4.76,6.11348264217134e-6,0.007379694516387616
4.765,5.534623656744789e-6,0.007334438968465083
4.77,5.007702850472703e-6,0.007289710630279311
4.775,4.528348296062761e-6,0.007245500352925417
4.78,4.092528255713142e-6,0.0072017991952563615
4.785,3.6965272863004496e-6,0.007158598418142447
4.79,3.3369237941542675e-6,0.007115889478915118
4.795,3.010568971084821e-6,0.007073664025988246
4.8,2.714567044885911e-6,0.007031913893650635
4.805,2.446256779209714e-6,0.006990631097023584
4.81,2.2031941594878135e-6,0.0069498078271776455
4.815,1.98313620343551e-6,0.006909436446402906
4.82,1.7840258366081215e-6,0.006869509483627405
4.825,1.6039777754623571e-6,0.006830019629978359
4.83,1.4412653624019696e-6,0.006790959734481313
4.835,1.2943082993371462e-6,0.0067523227998922825
4.84,1.1616612283546821e-6,0.006714101978658294
4.845,1.0420031101668136e-6,0.006676290569001837
4.85,9.341273530723847e-7,0.0066388820111249434
4.855,8.369326472157182e-7,0.0066018698835287664
4.86,7.494144609585244e-7,0.0065652478994446956
4.865,6.706571581807433e-7,0.0065290099033731164
4.87,5.998266972928585e-7,0.006493149867726262
4.875,5.361638746672329e-7,0.006457661889571491
4.88,4.789780770771477e-7,0.0064225401874716675
4.885,4.2764150956391087e-7,0.006387779098419308
4.89,3.815838669321101e-7,0.006353373074861396
4.895,3.402874187978558e-7,0.006319316681811753
4.9,3.0328247978260724e-7,0.006285604594048114
4.905,2.7014323805427163e-7,0.006252231593391044
4.91,2.4048391696630436e-7,0.006219192566061964
4.915,2.1395524603429735e-7,0.006186482500117719
4.92,1.9024121891678017e-7,0.006154096482959155
4.925,1.690561174335171e-7,0.006122029698911245
4.93,1.5014178196012465e-7,0.006090277426872468
4.935,1.3326510978316607e-7,0.006058835038031151
4.94,1.1821576418573334e-7,0.00602769799364663
4.945,1.0480407816091574e-7,0.005996861842893138
4.95,9.285913772059476e-8,0.005966322220764336
4.955,8.222703078124971e-8,0.005936074846036641
4.96,7.276924856807319e-8,0.005906115519289409
4.965,6.436122738559612e-8,0.0058764401209801635
4.97,5.689101945869148e-8,0.00584704460957315
4.975,5.025808235410289e-8,0.005817925019719505
4.98,4.437217725133453e-8,0.005789077460487443
4.985,3.915236704469709e-8,0.005760498113640875
4.99,3.4526105927384734e-8,0.005732183231964909
4.995,3.042841273562322e-8,0.005704129137636876
5.0,2.680112091795145e-8,0.005676332220641344
